age,gender,relationship_status,use_social_media,avg_social_time,purposeless_use_freq,distracted_by_sm,restless_without_sm,easily_distracted,worry_level,concentration_difficulty,comparison_freq,comparison_feelings,seek_validation,feel_depressed,interest_fluctuation,sleep_issues,App_Discord,App_Facebook,App_Instagram,App_Pinterest,App_Reddit,App_Snapchat,App_TikTok,App_Twitter,App_YouTube
21.0,Male,In a relationship,Yes,3,5,3,2,5,2,5,2,3,2,5,4,5,1,1,1,0,1,0,0,1,1
21.0,Female,Single,Yes,6,4,3,2,4,5,4,5,1,1,5,4,5,1,1,1,0,1,0,0,1,1
21.0,Female,Single,Yes,4,3,2,1,2,5,4,3,3,1,4,2,5,0,1,1,1,0,0,0,0,1
21.0,Female,Single,Yes,6,4,2,1,3,5,3,5,1,2,4,3,2,0,1,1,0,0,0,0,0,0
21.0,Female,Single,Yes,3,3,5,4,4,5,5,3,3,3,4,4,1,0,1,1,0,0,0,0,0,1
22.0,Female,Single,Yes,3,4,4,2,3,4,3,4,4,3,3,2,4,1,1,1,1,0,0,1,1,1
21.0,Female,Married,Yes,4,4,3,2,2,4,3,5,3,4,5,5,3,0,1,1,0,0,1,1,0,1
21.0,Female,In a relationship,Yes,6,5,2,3,3,3,1,1,3,1,5,5,1,0,1,1,0,0,0,0,0,1
21.0,Female,In a relationship,Yes,6,5,2,3,3,1,1,1,3,1,5,5,1,0,1,1,0,0,0,0,0,1
20.0,Male,Single,No,1,1,1,1,1,1,1,1,1,1,1,1,1,0,0,0,1,1,0,0,0,0
24.0,Male,Single,Yes,3,5,5,2,4,3,5,4,2,3,5,4,5,1,1,1,0,0,0,0,0,1
21.0,Female,Single,Yes,4,4,4,2,5,3,4,2,2,3,3,4,2,1,1,1,1,1,1,1,0,1
22.0,Female,Single,Yes,4,3,4,2,4,4,2,4,2,1,3,1,5,1,1,1,1,1,1,0,1,1
21.0,Female,Single,Yes,4,5,3,2,1,4,4,2,3,2,3,3,3,0,1,1,1,1,1,0,1,1
22.0,Male,Single,Yes,6,5,5,5,5,5,5,5,5,5,5,5,5,0,1,0,1,0,0,0,0,1
23.0,Male,In a relationship,Yes,2,3,4,2,3,4,4,3,2,2,3,4,2,0,1,1,0,1,0,0,0,1
21.0,Male,Single,Yes,1,2,2,1,2,4,2,1,3,1,4,1,3,1,1,0,0,0,0,0,0,1
25.0,Male,Single,Yes,5,5,5,4,4,3,3,1,4,2,2,2,2,0,1,1,0,1,0,0,0,1
28.0,Male,Single,Yes,2,3,4,2,4,5,5,2,3,1,3,3,1,1,1,0,0,1,0,0,0,1
22.0,Male,In a relationship,Yes,3,4,2,2,3,3,2,2,2,1,2,3,2,1,1,1,0,1,0,0,0,1
23.0,Male,Single,Yes,6,3,2,4,2,4,2,5,2,1,3,3,1,1,1,1,0,1,0,1,1,1
26.0,Female,Single,Yes,4,3,4,3,3,4,4,4,3,3,4,4,4,0,1,1,1,0,0,0,0,1
23.0,Female,Married,Yes,2,3,2,2,4,4,3,3,2,3,4,4,1,0,1,1,1,0,1,0,0,1
23.0,Male,Single,Yes,4,3,3,5,5,5,5,4,1,3,3,5,5,1,1,0,0,0,0,0,1,1
20.0,Male,Single,Yes,4,4,4,3,3,3,4,2,3,3,4,3,4,1,1,1,0,0,0,0,0,1
22.0,Female,In a relationship,Yes,5,3,4,3,4,5,4,4,3,2,4,4,1,1,1,1,1,0,1,1,0,1
21.0,Female,Single,Yes,4,4,4,5,5,5,4,4,4,3,5,4,1,1,1,1,0,0,1,0,0,1
22.0,Female,In a relationship,Yes,4,4,4,3,3,5,4,5,2,3,5,4,3,1,1,1,0,0,0,0,0,1
24.0,Male,Single,Yes,3,3,3,3,3,3,4,2,3,3,2,3,3,0,1,1,0,0,0,1,0,1
18.0,Female,Single,Yes,3,4,3,3,3,4,3,3,2,4,3,3,2,1,1,1,1,0,0,0,0,1
19.0,Female,Single,Yes,4,5,5,5,5,5,5,2,3,1,5,4,4,1,1,1,0,0,0,0,0,1
21.0,Nonbinary ,Single,Yes,6,3,4,5,4,4,5,1,3,1,4,2,1,1,1,1,0,0,0,0,1,1
21.0,Male,Single,Yes,4,5,3,4,3,2,3,5,3,4,3,3,1,0,1,1,0,0,0,0,0,0
23.0,Male,Single,Yes,1,2,3,1,1,1,3,1,3,1,5,4,5,1,1,1,0,1,1,0,1,1
22.0,Female,Single,Yes,4,4,5,5,4,4,4,2,3,3,2,2,5,0,1,1,1,0,1,0,0,1
22.0,Male,Single,Yes,3,4,4,2,4,3,5,1,3,1,1,3,4,1,1,0,0,0,0,0,0,1
21.0,Female,Single,Yes,2,1,1,1,1,1,1,2,1,2,3,3,1,0,1,1,0,0,1,0,0,1
21.0,Female,Single,Yes,4,3,5,2,3,3,3,3,4,2,4,2,2,0,1,1,0,0,1,0,0,1
19.0,Female,Single,Yes,6,3,2,4,4,5,4,5,2,1,5,4,2,0,1,1,1,0,1,0,0,1
24.0,Male,Single,Yes,6,5,1,1,3,3,3,1,3,3,3,3,3,1,0,0,0,1,0,0,1,0
22.0,Female,In a relationship,Yes,6,4,5,4,4,5,2,3,3,3,3,2,3,0,1,1,0,0,0,0,0,1
17.0,Female,Single,Yes,4,4,3,1,3,5,3,4,2,1,3,5,1,0,0,1,1,1,0,0,0,1
33.0,Female,Single,Yes,4,3,3,1,3,2,1,2,2,1,1,1,1,0,1,0,0,0,0,0,0,1
22.0,Female,Single,Yes,4,4,4,3,4,3,2,1,3,3,3,4,4,1,1,1,1,1,1,1,1,1
24.0,Male,Single,Yes,6,5,5,5,5,4,5,2,2,1,3,5,1,1,0,0,0,0,1,0,0,1
26.0,Male,Single,Yes,1,3,5,3,5,5,5,5,5,5,5,5,5,0,1,0,0,0,0,0,0,0
26.0,Male,In a relationship,No,2,4,1,1,2,2,1,1,3,1,1,3,2,1,0,0,0,1,0,0,0,1
27.0,Male,Single,Yes,6,2,5,5,4,4,5,3,3,4,5,2,3,0,1,1,0,1,1,1,1,1
22.0,Male,Married,Yes,6,3,2,1,2,4,2,1,3,1,3,4,2,1,1,1,0,1,1,0,0,1
19.0,Female,Single,Yes,3,3,2,2,2,4,3,3,3,2,4,4,5,1,1,1,1,0,0,0,0,1
22.0,Female,Married,Yes,3,4,5,2,4,4,4,3,3,4,5,4,2,1,1,1,1,1,1,1,1,1
20.0,Female,Married,Yes,2,1,1,1,2,2,2,1,3,1,1,3,5,0,0,1,0,1,0,0,0,0
25.0,Female,Single,Yes,6,4,3,3,4,4,4,2,2,2,4,3,4,1,1,1,0,0,0,0,1,1
25.0,Female,Married,Yes,2,2,2,1,3,5,4,5,2,4,4,5,4,0,0,0,0,1,0,0,0,1
18.0,Female,Single,Yes,6,4,4,3,5,4,3,1,3,1,5,4,5,0,1,1,1,0,0,0,0,1
25.0,Male,Single,Yes,2,3,1,1,3,2,4,1,3,1,5,1,5,0,0,0,0,1,0,0,0,0
19.0,Female,Single,Yes,3,2,3,1,5,3,5,1,3,1,1,5,4,1,0,0,0,1,0,0,0,0
24.0,Male,In a relationship,Yes,2,3,2,4,3,2,2,1,3,2,2,4,4,1,0,0,0,1,0,0,0,1
21.0,Male,In a relationship,Yes,4,5,5,5,5,5,5,5,2,4,4,4,1,0,1,1,0,1,0,1,0,0
18.0,Non-binary,Single,Yes,3,2,1,2,3,5,3,2,3,2,4,2,4,0,0,1,0,1,0,1,1,1
14.0,Male,Single,Yes,2,4,2,2,3,5,3,3,4,2,4,4,4,0,0,0,0,1,0,0,0,0
25.0,Male,Single,Yes,4,4,4,3,3,3,2,3,2,2,3,4,4,1,0,0,0,1,1,0,0,1
33.0,Male,Married,Yes,4,2,4,3,2,2,2,1,1,1,1,2,2,0,0,1,0,0,0,0,0,1
23.0,Male,Single,Yes,3,5,5,5,5,5,5,5,5,5,5,5,5,1,0,1,0,1,0,0,0,1
14.0,Female,Single,Yes,6,4,4,2,2,4,2,4,2,4,4,4,5,0,0,1,1,1,1,1,1,1
23.0,Female,Single,Yes,5,4,4,3,3,4,5,3,2,4,5,5,4,1,1,0,0,1,0,0,0,1
26.0,Male,Single,Yes,1,2,1,1,3,2,1,1,1,1,2,3,4,0,0,0,0,1,0,0,0,0
24.0,Male,Single,Yes,3,4,5,3,4,3,2,2,3,4,5,4,2,0,1,0,0,1,0,0,0,1
21.0,Female,Single,Yes,4,4,3,4,4,5,4,5,1,2,4,4,2,1,1,1,0,0,1,1,1,1
18.0,Female,Single,Yes,4,4,3,3,3,5,5,4,3,1,5,5,5,0,1,0,0,1,0,0,0,1
28.0,Male,Single,Yes,4,2,5,4,3,5,5,5,2,1,5,3,5,1,1,0,0,1,0,0,0,1
22.0,Male,Single,Yes,3,4,4,4,5,5,5,3,3,1,4,4,5,1,0,1,0,1,1,0,1,1
21.0,Male,Single,Yes,6,4,4,2,5,4,4,3,3,2,1,5,4,1,1,1,1,1,1,0,0,1
21.0,Male,Single,Yes,6,5,5,3,5,4,5,2,3,2,4,5,2,1,0,1,0,1,1,0,0,1
21.0,Female,In a relationship,Yes,5,3,5,5,5,3,5,4,4,3,4,5,5,0,1,1,1,0,0,0,0,1
17.0,Male,Single,Yes,3,4,4,3,4,5,4,3,2,4,2,4,2,0,1,1,0,1,0,0,1,1
24.0,NB,Single,Yes,3,4,3,2,3,5,2,3,2,2,4,3,1,0,0,0,0,1,0,0,0,1
22.0,Female,In a relationship,Yes,2,3,4,3,4,1,3,1,2,2,2,4,4,0,1,0,0,0,0,0,0,1
32.0,Female,Married,Yes,2,4,3,2,5,2,5,2,4,1,1,2,1,0,0,0,0,1,0,0,0,0
22.0,Male,Single,Yes,3,5,4,2,2,1,3,1,3,5,3,2,2,0,1,0,0,0,0,0,0,1
20.0,Female,In a relationship,Yes,3,4,5,4,5,5,5,4,2,4,5,5,4,0,1,1,1,0,1,0,0,1
22.0,Male,In a relationship,Yes,3,3,5,2,4,4,4,2,3,2,4,4,3,0,1,1,0,0,1,0,0,1
28.0,Female,Single,Yes,4,4,5,4,5,5,5,2,3,2,4,5,2,0,1,0,0,0,0,0,0,1
22.0,Female,Single,Yes,6,4,3,3,4,5,4,1,3,2,4,2,1,0,1,1,0,0,1,0,1,1
17.0,unsure ,Single,Yes,5,4,4,3,4,2,4,3,2,2,3,3,5,1,0,1,0,1,1,1,1,1
30.0,Female,Single,Yes,5,4,5,3,2,4,4,3,3,3,4,4,4,0,0,1,0,0,0,0,0,0
22.0,Male,Single,Yes,6,5,5,1,3,2,5,2,1,1,3,1,5,1,1,1,0,0,1,0,0,1
14.0,Male,Single,Yes,5,5,5,2,4,2,3,1,3,1,1,3,5,1,0,1,0,0,0,0,0,1
20.0,Male,Single,Yes,6,4,2,1,2,1,1,2,2,1,4,3,2,0,0,0,0,1,0,0,0,1
22.0,Female,Single,Yes,6,4,4,4,4,4,5,5,3,4,5,5,3,0,1,1,1,0,0,0,0,1
16.0,Male,Single,Yes,5,4,5,2,5,3,4,3,1,4,2,1,3,1,1,1,0,0,1,1,0,1
22.0,Female,In a relationship,Yes,3,3,4,3,4,4,3,2,2,3,3,2,3,0,1,1,0,0,0,0,1,1
22.0,Male,In a relationship,Yes,2,5,4,3,4,4,2,1,1,1,5,3,5,1,1,1,1,1,1,0,1,1
22.0,Male,Single,Yes,4,3,4,3,3,4,3,2,3,3,4,3,3,0,0,1,0,0,0,0,0,0
22.0,Male,Single,Yes,2,4,3,4,3,5,5,3,3,4,3,5,5,0,1,1,1,0,1,0,1,1
21.0,Female,Single,Yes,5,2,3,4,3,3,3,3,4,4,1,3,3,0,1,1,1,0,1,0,0,1
23.0,Female,Single,Yes,5,2,3,4,3,3,3,3,4,3,2,4,5,0,1,0,0,0,0,0,0,1
23.0,Female,Single,Yes,3,3,2,2,4,2,2,1,3,3,3,4,5,0,1,1,0,0,0,1,0,0
21.0,Female,In a relationship,Yes,4,3,2,1,3,2,3,2,1,3,2,2,5,0,1,1,0,0,1,0,0,1
26.0,Female,Single,Yes,6,4,5,4,4,5,3,5,4,3,4,2,3,0,1,1,1,0,0,0,0,1
27.0,Female,Single,Yes,6,2,5,4,4,3,2,5,1,4,4,4,1,0,1,1,0,0,1,0,0,1
20.0,Female,Single,Yes,3,5,5,5,5,5,5,3,1,1,3,3,5,0,1,1,0,0,0,0,0,0
22.0,Female,Single,Yes,6,5,4,5,4,5,4,3,3,4,3,3,4,0,1,0,0,0,0,0,0,0
23.0,Female,In a relationship,Yes,6,5,5,5,5,5,4,5,5,4,5,4,5,1,1,1,0,0,1,1,0,1
20.0,Male,Single,Yes,5,4,5,3,4,3,5,2,3,3,4,4,5,0,1,1,0,0,0,0,0,1
20.0,Female,Single,Yes,4,4,3,1,2,4,2,4,2,1,3,3,3,0,1,1,0,0,0,1,0,1
20.0,Female,Single,Yes,5,4,5,5,5,2,5,2,3,1,5,4,3,0,1,0,1,0,1,0,0,1
22.0,Female,Single,Yes,6,4,5,4,5,5,5,3,1,1,4,2,2,0,1,1,0,0,1,0,0,1
22.0,Female,Single,Yes,6,5,5,3,3,2,3,4,5,4,1,4,1,0,0,1,0,0,0,0,0,0
20.0,Female,Single,Yes,6,4,4,3,5,4,3,2,2,2,4,5,3,0,1,1,0,0,1,0,0,1
24.0,Male,Single,Yes,3,1,1,3,3,4,4,3,3,2,4,4,4,1,1,1,0,0,1,0,1,1
23.0,Female,Single,Yes,6,3,2,4,3,5,3,5,1,4,4,2,5,0,1,1,1,0,1,1,0,1
20.0,Female,Single,Yes,4,5,2,1,2,1,1,5,1,1,4,5,3,0,1,1,0,0,0,0,0,1
16.0,Male,Single,Yes,3,3,1,2,3,3,2,2,4,1,3,3,2,0,0,1,1,0,1,0,0,1
24.0,Male,Single,Yes,3,3,3,2,3,4,3,2,4,2,3,1,4,0,1,1,0,0,0,0,1,1
27.0,Female,Married,Yes,5,4,5,2,5,5,5,5,2,3,3,5,4,0,1,1,0,0,0,0,0,1
21.0,Female,Single,Yes,5,4,3,4,3,3,2,5,2,3,5,5,5,1,1,1,0,0,1,0,0,1
20.0,Female,In a relationship,Yes,6,4,4,3,4,4,4,5,1,4,4,3,4,1,1,1,1,0,1,0,1,1
21.0,Male,In a relationship,Yes,4,3,2,1,1,2,2,2,4,3,2,2,2,1,1,0,0,0,0,0,0,1
32.0,Female,Married,Yes,5,5,2,4,3,2,1,1,5,1,1,2,5,1,1,1,1,0,0,0,0,1
21.0,Female,In a relationship,Yes,4,2,2,1,5,4,5,3,3,2,3,5,4,0,1,1,1,0,0,0,0,1
19.0,Female,In a relationship,Yes,5,5,4,4,3,5,4,2,5,4,4,5,5,0,1,0,0,0,0,0,0,0
30.0,Male,In a relationship,Yes,2,4,2,1,2,2,1,4,2,2,2,2,5,0,1,1,0,0,0,0,0,1
21.0,Male,Single,Yes,3,2,4,2,3,2,1,3,5,3,2,1,4,0,1,1,1,0,0,0,1,1
21.0,Male,In a relationship,Yes,1,2,3,2,4,3,3,2,3,1,2,2,1,1,1,1,0,0,1,0,1,1
20.0,Male,Single,Yes,6,5,5,5,4,2,4,3,3,1,3,3,4,1,0,1,0,1,1,1,1,1
20.0,Female,Single,Yes,4,4,5,4,4,5,5,5,2,2,3,4,4,0,1,0,0,0,0,0,0,1
20.0,Male,Single,Yes,2,5,5,2,3,4,5,3,2,4,5,5,5,0,1,1,0,0,0,0,0,1
21.0,Female,Single,Yes,2,4,4,4,4,4,2,4,3,4,3,3,1,0,1,1,0,0,1,0,0,1
20.0,Female,In a relationship,Yes,5,4,3,5,5,4,4,5,4,3,4,4,5,0,0,1,1,0,0,0,0,1
23.0,Female,Single,Yes,4,5,3,3,4,3,5,1,3,3,4,3,5,0,0,0,1,0,0,0,0,0
21.0,Female,Single,Yes,5,3,5,4,5,5,4,3,2,1,3,5,5,0,1,1,1,0,1,0,1,1
21.0,Female,In a relationship,Yes,3,3,2,5,2,4,1,3,2,4,4,2,1,0,1,1,1,0,0,0,0,1
25.0,Female,Married,Yes,5,3,4,5,4,5,4,2,4,4,5,3,2,0,1,1,1,1,0,1,1,1
22.0,Female,In a relationship,Yes,6,5,5,4,5,4,3,2,3,3,3,4,4,1,1,1,1,0,1,1,1,1
24.0,Female,Married,Yes,6,5,3,4,3,4,5,3,3,3,4,3,4,0,1,1,1,0,0,0,0,0
21.0,Female,In a relationship,Yes,3,5,5,5,5,1,5,2,5,5,2,5,5,0,0,1,0,0,0,0,0,0
22.0,Female,Single,Yes,3,3,2,2,2,2,2,1,3,3,4,2,1,1,1,0,1,1,0,0,0,1
19.0,Female,Single,Yes,3,3,4,3,3,3,3,3,5,3,4,3,1,1,1,1,1,0,1,1,0,1
21.0,Female,In a relationship,Yes,5,3,3,2,4,2,4,3,2,1,4,4,4,0,1,1,0,0,1,0,0,1
22.0,Female,In a relationship,Yes,6,5,3,3,3,5,3,2,3,4,5,3,4,0,1,1,0,0,1,0,0,1
20.0,Male,Single,Yes,4,4,5,4,4,5,4,1,3,4,4,5,5,1,1,1,0,0,1,1,0,1
17.0,Male,Single,Yes,1,2,2,2,2,2,1,1,2,1,1,1,2,0,1,1,0,0,0,0,0,1
32.0,Male,Married,Yes,2,3,1,3,2,2,1,1,3,1,1,2,1,1,1,0,0,1,0,0,0,1
21.0,Female,Single,Yes,2,3,3,2,5,4,5,4,2,2,2,3,2,1,1,1,0,0,1,0,1,1
22.0,Male,In a relationship,Yes,4,4,2,2,2,4,3,2,4,2,3,2,5,1,1,1,0,1,1,0,0,1
27.0,Female,Married,Yes,6,5,5,3,3,3,3,1,3,1,3,3,4,0,1,1,0,0,0,0,0,1
21.0,Male,In a relationship,Yes,4,4,5,3,5,5,5,5,2,4,3,5,3,1,1,1,0,1,0,1,0,1
27.0,Male,Married,Yes,6,5,5,5,5,5,5,1,3,1,5,5,5,1,1,0,0,1,0,0,0,0
20.0,Male,Single,Yes,3,3,2,3,2,3,2,3,2,3,2,1,4,1,0,1,1,1,0,1,0,0
27.0,Female,Married,Yes,4,4,4,4,5,4,3,2,2,1,1,3,2,0,1,1,0,0,0,0,0,1
24.0,Male,Single,Yes,4,5,5,5,5,1,5,5,4,1,5,5,4,1,1,1,0,0,0,0,0,1
26.0,Female,Single,Yes,3,3,2,1,1,1,1,1,1,1,1,1,1,0,1,1,1,0,1,0,0,1
20.0,Female,Single,Yes,4,2,1,1,2,5,3,5,4,3,4,3,4,1,0,1,1,1,1,1,1,1
31.0,Male,Single,Yes,3,3,3,3,3,4,3,4,4,4,3,3,2,1,1,1,0,0,0,0,0,1
21.0,Male,Single,Yes,6,5,1,1,1,1,1,1,3,1,1,1,1,1,0,0,0,1,0,0,0,1
22.0,Male,Single,Yes,1,1,1,1,1,1,1,1,1,1,1,1,1,0,1,0,0,0,1,0,0,1
20.0,Female,In a relationship,Yes,6,3,3,1,3,5,3,2,3,5,4,5,1,0,0,1,0,0,0,0,0,0
23.0,Male,In a relationship,Yes,5,4,2,1,1,3,1,1,3,1,3,2,1,1,1,1,0,1,0,0,1,1
22.0,Male,Single,Yes,2,3,3,2,3,4,4,4,4,3,5,4,4,0,1,1,0,0,1,0,0,1
21.0,Female,In a relationship,Yes,6,4,4,4,5,5,5,4,2,3,3,4,4,0,1,1,0,0,1,0,1,1
23.0,Female,Single,Yes,3,4,4,1,3,2,2,1,2,1,2,4,1,1,1,1,1,0,1,0,1,1
21.0,Female,Single,Yes,2,4,3,1,3,4,3,5,2,3,3,4,3,0,1,0,0,0,0,0,0,1
22.0,Female,Single,Yes,4,3,3,3,3,3,2,2,3,3,3,3,3,1,1,1,1,0,1,0,1,1
22.0,Female,In a relationship,Yes,6,3,1,4,4,3,4,3,4,3,4,4,3,0,1,0,0,0,0,0,0,0
22.0,Female,In a relationship,Yes,6,2,5,3,3,3,4,5,3,3,2,4,3,0,1,1,0,0,1,1,0,1
19.0,Female,Single,Yes,4,5,4,5,3,5,4,5,1,5,4,4,3,1,1,1,1,0,1,0,0,1
23.0,Female,Single,Yes,3,5,5,3,5,3,5,1,3,2,2,2,5,0,1,1,0,0,0,0,0,1
21.0,Male,In a relationship,Yes,6,4,5,3,4,4,4,3,3,4,4,4,5,0,1,1,0,0,0,0,0,1
24.0,Female,In a relationship,Yes,6,2,3,1,2,4,3,4,4,3,4,1,1,1,1,1,0,0,0,0,0,1
20.0,Female,Single,Yes,1,3,1,1,1,2,2,5,1,2,1,3,1,0,1,1,0,0,0,0,0,1
25.0,Male,Single,Yes,2,5,5,1,1,2,3,4,5,3,5,2,5,0,0,0,0,0,0,0,0,1
21.0,Female,Single,Yes,4,2,1,1,2,2,1,1,1,1,1,1,1,1,1,0,1,0,0,0,0,1
23.0,Male,In a relationship,Yes,6,4,4,3,5,4,4,4,2,1,4,4,3,1,1,1,0,1,0,1,1,1
22.0,Female,In a relationship,Yes,6,5,4,4,4,4,3,4,4,4,4,5,1,1,0,1,0,1,0,1,0,1
22.0,Female,Single,Yes,3,5,5,3,5,5,2,3,1,2,5,3,5,0,1,1,1,0,1,1,0,1
25.0,Female,Single,Yes,5,3,4,2,5,5,1,5,1,5,4,5,5,0,1,1,0,0,0,0,0,1
22.0,Female,Single,Yes,5,4,2,1,5,4,3,5,1,4,4,4,2,0,1,1,0,0,1,1,1,1
23.0,Male,Single,Yes,4,3,4,2,5,5,5,5,4,4,2,3,4,1,1,1,0,0,1,1,0,1
23.0,Male,Single,Yes,1,3,2,1,3,4,3,3,3,2,3,2,5,0,1,1,0,0,0,0,0,0
19.0,Female,Single,Yes,4,5,3,2,3,5,5,2,3,3,3,5,5,1,1,1,0,0,0,0,0,1
21.0,Female,Single,Yes,2,3,5,2,4,2,2,1,4,2,3,2,3,1,1,1,0,1,1,0,0,1
27.0,Female,In a relationship,Yes,5,5,5,3,4,4,4,4,2,3,4,4,2,0,1,1,0,0,1,0,0,1
25.0,Female,Single,Yes,6,4,3,1,2,4,3,4,2,2,4,2,1,1,1,0,0,0,0,0,0,1
20.0,Female,Single,Yes,3,4,2,1,3,4,1,1,5,1,2,2,3,0,1,1,0,0,1,0,0,1
23.0,Female,Single,Yes,6,5,5,3,3,5,3,3,4,3,4,5,4,1,1,1,1,0,1,0,0,1
26.0,Female,Single,Yes,5,5,5,3,5,5,5,3,3,3,5,4,4,1,1,1,1,0,0,1,0,1
25.0,Male,Single,Yes,5,4,5,2,5,1,5,2,3,4,5,1,5,1,1,1,1,0,1,1,1,1
22.0,Female,Married,Yes,3,5,4,2,3,3,2,1,3,2,2,3,3,0,1,1,1,0,0,0,0,1
20.0,Male,Single,Yes,1,4,2,1,3,5,2,1,4,2,2,4,2,1,1,1,0,1,1,0,1,1
23.0,Female,Single,Yes,6,4,5,3,4,5,5,5,1,3,3,4,5,0,1,1,0,0,1,0,0,1
22.0,Female,Single,Yes,5,4,1,2,1,1,1,1,2,1,1,2,3,1,1,1,0,0,1,0,0,1
23.0,Female,Single,Yes,6,3,3,2,3,3,4,3,3,4,4,3,2,0,1,1,0,0,0,1,0,1
21.0,Female,In a relationship,Yes,3,2,3,4,2,3,4,2,4,2,3,1,4,1,1,1,0,0,0,0,0,0
21.0,Female,In a relationship,Yes,3,3,3,2,3,5,4,3,3,3,5,5,4,1,1,1,0,0,1,1,0,1
22.0,Female,Single,Yes,2,2,2,2,2,2,3,4,3,3,3,2,2,0,1,1,0,0,0,0,0,1
22.0,Male,Single,Yes,6,4,4,3,4,2,4,4,3,4,3,4,3,1,1,1,1,1,0,1,1,1
22.0,Female,Single,Yes,6,5,2,5,4,4,4,4,3,2,2,3,2,0,1,1,0,0,1,0,0,1
20.0,Female,Single,Yes,4,3,3,3,3,4,3,4,3,3,3,3,2,1,1,1,0,0,0,0,0,1
26.0,Female,In a relationship,Yes,6,4,4,1,3,3,2,2,4,1,2,2,4,0,1,1,0,0,0,0,1,1
21.0,Male,Single,Yes,3,3,3,2,5,5,4,2,3,2,4,2,4,0,0,0,0,0,0,0,0,1
20.0,Female,Single,Yes,6,4,5,3,5,5,5,2,3,1,3,4,5,0,1,1,1,0,1,1,0,1
21.0,Female,In a relationship,Yes,6,3,2,1,2,3,1,1,3,1,3,3,2,1,1,0,1,0,0,0,1,1
19.0,Female,Single,Yes,6,3,2,1,5,2,3,1,3,1,2,1,5,1,1,1,1,1,1,1,1,1
20.0,Female,Single,Yes,6,4,5,5,5,5,5,5,1,4,5,5,5,1,1,1,1,0,1,1,0,1
22.0,Female,Single,Yes,4,5,4,3,4,4,3,2,3,4,3,3,4,1,1,1,1,1,1,1,1,1
23.0,Male,Single,Yes,2,2,2,1,5,5,5,1,3,1,5,1,5,1,0,0,0,1,0,0,0,1
21.0,Male,Single,Yes,3,4,4,4,5,5,4,4,2,3,3,4,3,1,1,1,0,1,0,0,1,1
21.0,Female,In a relationship,Yes,4,5,4,2,5,5,4,4,3,3,5,5,5,1,1,1,1,0,1,1,0,1
22.0,Male,In a relationship,Yes,5,5,5,3,5,5,5,5,5,5,5,5,5,1,1,1,0,0,1,0,0,1
26.0,Male,Single,Yes,6,5,5,5,5,5,5,5,5,1,5,5,5,1,1,1,0,0,0,0,0,1
22.0,Female,In a relationship,Yes,3,4,4,2,3,5,3,1,3,4,5,2,2,1,1,1,0,0,0,0,0,1
17.0,Male,Single,Yes,3,3,4,3,3,3,3,5,3,4,5,3,4,1,0,0,0,0,0,0,0,0
23.0,Male,Single,Yes,6,4,3,3,4,5,4,5,4,4,3,4,5,1,1,1,1,0,0,1,0,1
21.0,Male,Single,Yes,4,2,4,2,4,5,4,5,4,4,4,3,3,1,1,1,1,1,0,0,0,1
22.0,Female,Single,Yes,6,1,1,1,1,1,1,2,2,1,2,1,2,0,1,1,0,0,1,0,0,1
20.0,Male,Single,Yes,6,4,5,3,2,5,3,4,2,1,5,4,5,1,1,1,0,0,1,1,1,1
24.0,Female,Single,Yes,5,4,4,3,4,4,4,3,3,3,4,4,4,0,1,1,0,0,0,0,1,1
22.0,Female,Single,Yes,4,4,4,2,5,4,5,3,2,2,3,4,4,0,1,1,0,0,1,0,0,1
24.0,Male,Single,Yes,4,4,3,2,3,2,3,2,1,3,2,3,2,1,1,1,0,0,0,0,1,1
22.0,Female,Single,Yes,6,3,4,4,5,5,4,5,2,4,5,4,4,0,1,1,1,0,1,0,0,1
26.0,Male,In a relationship,Yes,5,3,3,2,2,4,2,2,3,4,4,2,2,1,1,1,1,0,1,0,1,1
24.0,Female,In a relationship,Yes,4,2,1,1,2,4,2,1,1,3,3,2,4,1,1,1,1,0,0,0,0,1
22.0,Female,Single,Yes,3,3,4,1,2,2,3,3,3,3,3,4,4,0,1,0,0,0,0,0,0,1
25.0,Female,In a relationship,Yes,4,3,2,1,2,4,3,3,3,2,4,2,3,1,1,1,0,0,1,0,0,1
21.0,Female,Single,Yes,5,4,5,3,4,4,5,2,3,3,4,5,4,1,1,1,1,1,1,1,0,1
20.0,Female,In a relationship,Yes,3,4,4,4,4,4,4,5,5,4,5,5,5,0,1,1,0,0,1,1,0,1
22.0,Female,Single,Yes,2,3,3,1,3,1,1,1,3,5,1,1,1,0,1,1,0,0,0,0,0,1
25.0,Female,In a relationship,Yes,3,2,1,3,2,4,4,3,3,1,2,1,1,0,1,1,1,0,1,0,1,1
17.0,Male,Single,Yes,5,2,1,4,2,5,2,4,3,1,4,2,2,1,1,0,0,0,0,0,0,0
22.0,Female,Single,Yes,3,4,2,3,3,5,4,4,3,3,4,3,5,0,1,1,0,0,0,0,1,1
26.0,Male,Single,Yes,2,3,4,2,4,4,4,2,2,1,3,3,2,0,1,1,0,1,0,0,1,1
22.0,Female,Single,Yes,3,2,3,2,3,3,3,4,3,3,5,3,3,0,1,0,0,0,0,0,0,0
23.0,Male,In a relationship,Yes,3,3,4,5,3,5,3,3,3,3,5,1,4,0,1,1,1,0,1,0,0,1
25.0,Male,Single,Yes,3,4,2,2,3,5,4,1,1,2,5,5,5,0,1,1,0,0,1,0,0,1
21.0,Male,Single,Yes,3,4,5,3,5,2,5,2,3,4,4,5,2,1,0,1,0,1,1,0,0,1
30.0,Female,Single,Yes,3,4,5,4,3,3,5,4,3,1,4,4,5,0,1,0,0,0,0,1,0,0
23.0,Female,Single,Yes,4,2,4,1,3,4,3,4,2,2,3,3,2,0,1,1,0,0,0,0,0,1
22.0,Male,In a relationship,Yes,5,4,5,4,5,5,4,3,3,3,3,4,2,1,1,1,0,1,1,1,1,1
21.0,Female,In a relationship,Yes,5,5,5,5,4,4,3,5,2,2,5,4,3,0,1,1,0,0,0,0,0,1
20.0,Female,In a relationship,Yes,4,5,3,2,4,2,2,1,3,5,1,4,1,0,1,0,0,0,0,0,0,1
18.0,Female,Single,Yes,6,3,2,2,2,4,2,1,3,3,2,3,4,1,1,1,1,0,1,0,0,1
20.0,Female,Single,Yes,4,3,3,2,2,4,2,2,3,2,2,3,1,0,0,1,0,0,0,0,1,1
15.0,Female,Single,Yes,4,4,3,1,3,5,3,3,3,1,5,4,5,1,0,1,1,0,0,0,0,1
22.0,Male,Single,Yes,6,5,3,2,3,5,5,1,3,1,3,4,5,1,1,1,1,1,1,0,1,1
17.0,Female,Single,Yes,6,2,5,4,5,3,5,2,2,3,2,4,2,0,1,1,1,0,1,1,0,1
21.0,Male,Single,Yes,2,2,3,1,4,5,4,3,3,1,5,5,5,0,1,1,0,0,0,0,0,0
22.0,Female,Single,Yes,6,5,1,4,1,4,4,3,4,2,4,5,4,0,1,1,0,0,1,1,1,1
23.0,Female,Married,Yes,6,4,3,3,4,4,5,4,4,3,3,3,4,0,1,0,0,0,0,0,0,0
24.0,Male,Single,Yes,4,2,1,1,1,4,1,1,3,1,3,1,3,1,1,1,1,1,1,0,1,1
21.0,Female,In a relationship,Yes,6,4,5,4,5,3,5,3,3,2,5,5,4,0,1,1,0,0,1,0,0,1
22.0,Female,Single,Yes,6,5,5,5,5,5,5,5,1,4,5,5,5,0,1,1,1,0,1,1,0,1
22.0,Female,Single,Yes,6,5,5,5,5,5,5,5,5,5,5,5,5,1,1,0,0,0,1,0,0,1
21.0,Female,Single,Yes,6,3,4,5,4,5,4,5,5,3,5,4,5,0,1,1,0,0,1,1,1,1
21.0,Female,Single,Yes,6,3,3,2,2,4,4,4,3,3,4,2,4,1,1,1,1,0,1,0,0,1
18.0,Male,Single,Yes,6,5,4,1,2,4,3,1,3,3,3,3,5,1,1,1,1,1,0,0,1,1
19.0,Male,Single,Yes,1,3,2,1,2,4,2,2,3,4,2,2,5,1,1,1,0,0,1,0,1,1
22.0,Male,Single,Yes,6,5,4,2,4,5,5,1,1,1,5,1,5,1,1,1,0,1,1,0,1,1
21.0,Non binary ,Single,Yes,6,4,2,3,5,5,4,4,3,5,5,5,1,0,1,1,1,1,1,1,0,1
21.0,Female,Single,Yes,4,5,5,4,5,5,4,5,5,3,5,3,5,1,1,1,0,0,1,1,0,1
22.0,Male,Single,Yes,3,4,5,4,4,5,5,2,2,5,5,5,4,1,1,1,1,0,0,0,0,1
21.0,Female,Single,Yes,3,4,4,1,3,2,2,2,2,2,4,3,2,0,1,1,1,0,1,1,0,0
23.0,Male,Married,Yes,3,5,4,3,5,4,5,3,2,2,4,4,4,1,1,1,1,1,1,1,1,1
19.0,Male,Single,Yes,4,4,2,2,2,3,1,2,5,1,1,3,4,1,1,1,1,1,1,1,1,1
26.0,Male,Single,Yes,3,4,3,2,4,3,3,4,3,1,4,2,2,1,1,1,0,1,1,0,1,1
27.0,Male,Single,Yes,3,5,5,2,2,1,1,2,4,1,3,2,3,0,1,1,1,1,0,0,1,1
25.0,Female,Single,Yes,6,5,5,4,4,5,1,2,2,3,5,2,4,0,1,1,1,0,0,1,0,1
20.0,Female,Single,Yes,5,3,3,3,3,3,3,3,3,3,3,3,3,1,1,1,0,0,0,0,0,1
20.0,Female,Single,Yes,6,4,2,4,3,5,4,1,3,2,4,4,2,0,1,1,0,0,1,0,1,1
22.0,Male,Single,Yes,4,4,4,1,3,3,1,1,1,1,1,2,2,1,1,1,1,1,1,0,1,1
18.0,Female,Single,Yes,4,5,5,2,5,4,5,5,2,4,4,5,5,0,1,1,0,0,0,0,0,1
22.0,Male,In a relationship,Yes,3,4,3,2,3,4,3,2,4,1,3,1,3,1,1,1,0,1,1,0,0,1
20.0,Male,Single,Yes,2,3,3,2,3,5,3,1,3,4,5,3,2,0,1,1,0,1,1,0,1,0
24.0,Male,Single,Yes,6,5,3,5,5,4,5,1,3,1,3,5,1,1,0,0,0,0,0,0,0,1
21.0,Male,Single,Yes,5,3,4,3,3,5,5,4,4,4,3,4,3,0,1,1,0,0,0,0,0,1
29.0,Female,Single,Yes,4,5,3,1,3,5,3,2,2,1,5,5,5,0,1,1,0,0,0,0,0,0
21.0,Male,Single,Yes,2,4,4,3,3,5,2,4,2,2,2,4,5,1,1,1,0,0,1,1,0,1
19.0,Female,Single,Yes,6,3,5,4,3,5,4,1,5,1,5,5,5,1,1,1,1,1,1,1,0,1
21.0,Female,In a relationship,Yes,3,5,4,3,4,4,4,2,3,1,5,4,2,1,1,1,0,0,1,0,0,1
22.0,Female,Married,Yes,5,5,5,3,4,4,4,4,1,1,4,2,1,1,1,1,1,1,1,1,1,1
24.0,Male,In a relationship,Yes,5,4,5,3,5,5,5,1,3,1,3,2,1,1,1,1,0,1,1,0,1,1
18.0,Female,Single,Yes,6,5,5,3,3,5,4,1,3,1,5,4,4,0,1,0,0,0,0,0,0,1
19.0,Female,Single,Yes,4,4,3,1,3,4,4,2,3,1,4,3,5,1,1,1,0,0,1,0,0,1
24.0,Male,Single,Yes,5,4,4,2,4,4,5,4,2,3,3,4,5,1,1,1,0,1,0,0,0,1
29.0,Female,Single,Yes,2,2,2,1,4,5,4,4,2,1,5,2,4,0,1,1,1,1,0,0,1,1
19.0,Male,Single,Yes,5,3,3,2,2,3,2,2,1,3,2,2,2,1,1,1,0,1,1,1,0,1
22.0,Female,Single,Yes,3,4,5,4,5,5,4,3,3,1,4,4,2,1,0,0,0,1,0,0,1,0
23.0,Male,Single,Yes,2,3,2,2,3,2,2,2,4,2,3,2,3,1,1,1,1,0,1,0,1,1
22.0,Female,Single,Yes,6,5,5,5,4,4,4,2,3,2,3,4,1,0,0,1,0,0,0,1,1,0
25.0,Male,Single,Yes,3,4,4,1,5,5,3,5,2,2,4,3,5,1,1,1,0,0,1,0,0,1
19.0,Male,Single,Yes,5,3,3,4,3,3,3,4,3,3,3,3,2,0,1,1,0,0,0,1,0,1
29.0,Female,Married,Yes,2,4,4,1,3,3,3,2,3,1,2,2,4,0,1,1,1,0,0,0,0,1
21.0,Female,In a relationship,Yes,5,4,5,3,3,3,3,5,1,4,4,3,5,0,1,1,1,0,1,0,1,1
21.0,Male,In a relationship,Yes,5,4,2,2,2,1,1,1,3,1,2,2,2,1,1,1,0,0,1,0,0,1
22.0,Female,Married,Yes,3,3,2,1,1,1,3,1,1,2,1,2,2,1,1,1,0,0,1,0,0,1
23.0,Female,Single,Yes,5,5,4,2,4,5,5,5,1,4,5,2,5,1,1,1,1,1,1,1,1,1
22.0,Female,In a relationship,Yes,3,4,5,4,5,3,5,4,3,2,4,4,4,0,1,1,0,0,0,0,0,1
20.0,Male,Divorced,Yes,6,5,5,5,5,5,5,5,5,5,5,5,5,1,1,1,0,0,1,0,0,1
22.0,There are others???,In a relationship,Yes,6,4,5,5,5,1,3,3,4,2,1,2,1,0,1,1,0,0,1,0,0,1
27.0,Female,Single,Yes,4,3,3,3,3,4,4,4,4,3,5,3,4,1,1,1,1,0,1,1,0,0
24.0,Male,Single,Yes,6,5,2,2,2,4,2,2,3,3,2,1,5,1,1,1,1,1,1,0,1,1
21.0,Female,Married,Yes,2,5,5,2,4,5,5,5,1,5,4,5,5,0,1,1,0,0,1,0,0,1
23.0,Female,Single,Yes,1,3,2,1,1,2,1,1,2,2,3,4,3,0,0,0,1,0,0,0,0,1
21.0,Female,Single,Yes,4,4,4,2,5,4,4,2,3,2,3,3,5,0,1,1,1,1,0,0,1,1
23.0,Female,In a relationship,Yes,3,4,4,3,3,4,2,4,2,3,2,2,1,0,1,1,0,0,1,0,1,1
24.0,Female,In a relationship,Yes,5,3,2,2,3,5,3,5,2,3,5,5,4,1,1,1,1,0,1,1,1,1
21.0,Male,Single,Yes,5,3,2,2,3,4,3,1,3,2,5,2,4,1,1,1,1,1,1,1,1,1
30.0,Female,Single,Yes,3,4,5,3,5,5,5,4,2,5,4,5,4,0,1,1,0,0,0,0,0,1
23.0,Male,Single,Yes,4,3,4,2,2,5,4,5,5,5,5,2,2,1,1,1,0,1,1,0,1,1
22.0,Female,Single,Yes,6,4,3,3,3,2,2,3,3,1,1,3,2,0,1,1,0,0,1,0,0,1
29.0,Female,Single,Yes,6,5,5,3,5,4,5,5,3,3,5,5,5,0,1,1,1,0,1,1,0,1
20.0,Male,Single,Yes,4,4,3,2,3,5,5,5,5,5,5,5,1,1,0,1,1,1,0,0,0,1
26.7,Female,Single,Yes,6,4,2,2,3,5,3,5,2,3,4,5,5,0,1,0,0,0,0,0,0,1
24.0,Male,Single,Yes,2,3,4,1,3,3,2,3,3,4,5,3,3,1,1,1,1,1,1,1,1,1
26.0,Male,In a relationship,Yes,4,4,5,3,4,4,4,5,1,2,3,4,3,0,1,1,0,0,1,0,0,1
22.0,Male,Single,Yes,3,5,4,2,3,3,4,3,4,1,2,2,4,1,1,0,0,0,0,0,0,1
23.0,Male,Single,Yes,5,5,5,2,4,5,3,5,3,2,3,3,4,1,1,1,1,0,1,1,0,1
19.0,Male,Single,Yes,5,4,4,2,4,4,4,5,2,4,2,4,4,1,1,1,1,1,1,0,0,1
21.0,Female,Single,Yes,3,3,4,3,4,4,4,5,1,2,4,4,2,0,0,1,0,0,0,1,1,1
20.0,Female,Single,Yes,5,5,5,5,5,5,5,2,3,2,4,4,5,1,1,1,1,1,1,1,0,1
22.0,Male,Single,Yes,6,4,4,4,4,2,3,2,3,4,3,3,4,1,1,1,0,0,1,0,0,1
22.0,Male,Single,Yes,6,3,3,3,4,5,5,4,3,1,5,3,3,1,1,1,1,0,0,0,1,1
23.0,Male,Single,Yes,6,5,4,4,5,5,5,2,3,1,5,5,5,1,1,1,0,1,1,0,1,1
22.0,Female,Single,Yes,6,4,5,5,5,5,5,5,2,4,5,4,1,1,1,1,0,0,1,0,0,1
20.0,Female,In a relationship,Yes,6,5,4,2,3,3,2,1,3,3,2,2,2,1,1,1,1,0,1,1,1,1
27.0,Female,Married,Yes,2,4,2,1,2,3,1,2,3,4,2,2,1,0,1,1,1,0,0,0,0,1
22.0,Female,Single,Yes,6,5,4,4,4,4,4,2,4,3,5,4,3,0,1,1,0,0,1,0,0,1
21.0,Female,Single,Yes,6,4,4,3,5,4,5,4,3,4,5,5,5,0,1,0,0,0,0,0,0,0
21.0,Female,Single,Yes,3,2,1,4,2,2,2,3,3,2,1,4,4,0,1,1,1,0,1,0,1,1
24.0,Female,Single,Yes,5,3,4,1,5,4,5,3,3,4,5,5,5,0,1,1,0,0,1,0,0,1
19.0,Male,Single,Yes,4,4,2,3,3,4,3,2,2,2,4,4,3,0,1,1,0,0,0,0,1,1
26.0,Male,Single,Yes,6,5,4,3,4,4,4,3,3,2,3,4,5,0,1,1,1,1,0,1,0,1
19.0,Female,Single,Yes,4,4,5,2,4,5,3,5,5,1,5,4,5,1,1,0,1,0,0,0,0,1
21.0,Female,In a relationship,Yes,6,3,5,2,5,3,5,4,2,4,4,3,3,0,1,1,0,0,1,0,0,0
20.0,Female,Single,Yes,5,4,5,5,5,5,5,2,2,1,4,5,1,0,1,1,0,0,0,1,0,0
24.0,Female,In a relationship,Yes,6,5,2,4,2,5,1,3,2,4,4,2,5,0,1,1,0,1,0,0,1,1
21.0,Female,Single,Yes,4,4,4,3,5,5,5,5,1,1,3,3,1,0,1,1,1,1,0,0,0,1
24.0,Male,Single,Yes,6,3,4,4,4,3,3,2,3,1,3,3,3,1,1,1,0,1,0,0,0,1
21.0,Female,In a relationship,Yes,4,5,3,3,5,5,5,5,3,1,5,4,5,0,1,1,0,0,1,0,0,1
17.0,Male,Single,Yes,6,2,4,3,5,5,5,3,2,1,5,4,5,1,1,1,0,0,0,0,0,1
26.0,Female,In a relationship,Yes,5,4,4,2,4,3,4,3,3,2,4,3,4,0,1,0,0,0,0,0,0,0
18.0,Male,Single,Yes,4,4,5,4,5,5,4,4,3,3,5,3,5,1,1,1,0,0,1,1,1,1
18.0,Female,Single,Yes,4,2,1,1,3,3,2,1,3,1,2,2,2,1,1,1,0,0,0,0,0,1
18.0,Female,In a relationship,Yes,4,5,3,4,3,4,4,1,3,1,3,5,5,0,1,1,1,1,1,1,0,1
23.0,Male,Single,Yes,4,3,4,2,4,5,4,2,3,2,4,3,3,1,1,1,0,0,1,0,0,1
20.0,Male,Single,Yes,2,4,5,3,5,2,5,1,2,3,3,2,1,1,1,1,0,0,1,0,0,1
23.0,Male,Single,Yes,6,4,4,3,4,5,4,4,3,2,3,3,5,1,1,1,0,0,1,0,0,1
25.0,Male,In a relationship,Yes,1,2,2,3,2,3,3,3,4,3,2,2,4,1,1,1,1,1,0,0,1,1
26.0,Male,Single,Yes,3,4,3,3,3,5,4,4,1,4,5,5,4,0,1,1,0,1,0,0,0,1
20.0,Male,In a relationship,Yes,6,4,5,3,4,5,4,5,2,4,4,4,5,1,1,1,0,0,1,1,1,1
19.0,Male,In a relationship,Yes,2,4,3,1,3,4,2,2,3,3,1,4,3,1,1,1,1,1,1,0,0,1
17.0,Female,Single,Yes,3,4,1,3,2,5,4,5,5,1,4,4,1,0,1,1,1,0,0,0,0,1
24.0,Female,Married,Yes,4,4,3,5,3,3,5,4,2,3,3,3,3,0,1,1,0,0,1,0,0,1
29.0,Female,Married,Yes,6,5,5,5,4,5,4,3,3,4,4,4,3,0,1,1,1,0,0,0,0,1
30.0,Female,Married,Yes,4,1,5,1,2,3,3,2,4,3,3,3,2,0,1,1,0,0,0,0,0,1
21.0,Female,Single,Yes,4,4,5,4,4,5,5,5,1,3,5,4,4,1,1,1,0,0,1,1,1,1
23.0,Male,Single,Yes,6,4,3,2,4,4,4,3,3,3,5,5,5,1,1,1,1,1,1,0,0,1
21.0,Male,Single,Yes,6,5,5,2,3,4,3,4,4,4,5,3,5,1,1,1,1,1,1,0,0,1
20.0,Female,Single,Yes,6,3,5,3,5,5,5,5,5,5,5,5,5,1,1,1,0,0,0,0,0,1
21.0,Male,Single,Yes,5,4,3,2,5,5,4,5,1,3,5,5,5,1,1,1,0,1,1,0,1,1
22.0,Female,Single,Yes,5,3,1,2,3,4,2,2,1,1,4,3,5,0,0,0,0,0,0,0,0,1
22.0,Female,Single,Yes,3,3,2,2,2,5,3,5,2,5,3,3,5,0,1,1,0,0,0,0,0,0
22.0,Female,In a relationship,Yes,6,1,5,2,3,5,2,1,2,2,3,3,4,0,1,1,0,0,1,0,0,0
27.0,Female,In a relationship,Yes,5,4,3,3,4,3,3,4,2,4,2,1,2,0,1,1,0,1,0,1,0,1
21.0,Male,Single,Yes,6,5,4,2,2,2,3,2,3,1,2,2,5,0,1,1,0,0,0,0,0,1
23.0,Male,In a relationship,Yes,5,4,3,2,4,4,3,4,4,4,4,3,4,1,1,1,0,1,1,1,0,1
22.0,Male,In a relationship,Yes,4,4,4,5,4,2,4,3,3,4,2,3,4,1,1,1,0,0,0,0,0,1
21.0,Female,In a relationship,Yes,4,3,4,4,3,3,3,2,5,3,1,3,2,0,0,0,0,0,0,0,0,1
23.0,Male,Single,Yes,3,4,2,1,2,3,2,3,3,1,3,2,2,1,1,0,0,1,0,0,0,1
21.0,Female,Single,Yes,6,4,5,3,4,4,4,3,3,4,4,4,3,0,1,1,1,0,0,0,1,1
20.0,Male,Single,Yes,5,5,3,2,3,4,2,2,4,3,3,4,3,0,1,1,0,0,0,0,0,1
23.0,Male,Single,Yes,2,2,1,1,2,5,3,3,4,1,3,2,4,1,1,1,1,1,0,0,0,1
22.0,Female,In a relationship,Yes,4,3,5,3,5,5,5,5,3,3,5,4,5,0,1,1,1,0,1,1,0,1
20.0,Female,In a relationship,Yes,6,5,3,4,3,5,5,5,1,4,5,5,3,0,1,1,0,0,1,0,0,1
21.0,Male,Single,Yes,4,4,4,4,4,4,5,4,1,4,4,4,5,1,1,1,0,0,1,0,0,1
25.0,Female,Single,Yes,3,3,5,2,2,3,3,1,3,1,2,4,5,0,1,1,1,0,0,0,1,1
21.0,Female,Single,Yes,4,2,2,1,4,4,4,2,1,1,2,2,2,1,1,1,0,0,0,0,0,0
28.0,Female,Single,Yes,5,4,3,1,4,5,4,1,3,1,4,1,5,1,1,1,0,1,0,0,0,1
22.0,Female,Single,Yes,4,1,1,1,5,3,5,1,1,1,3,4,3,1,1,1,1,1,1,1,0,1
23.0,Female,Single,Yes,3,3,3,3,3,3,2,2,3,3,4,2,2,0,1,0,0,0,0,0,0,0
21.0,Female,Single,Yes,5,3,5,3,3,3,2,3,3,1,2,2,3,1,1,0,0,0,0,0,0,1
22.0,Female,Single,Yes,4,2,2,1,4,5,5,1,4,1,3,5,2,0,0,1,0,0,0,0,1,1
28.0,Female,Married,Yes,3,5,4,1,5,4,5,2,2,2,5,5,2,0,1,1,1,0,0,0,0,1
14.0,Male,Single,Yes,3,3,4,2,4,3,2,1,3,1,2,3,1,1,0,1,0,0,0,0,0,0
23.0,Male,In a relationship,Yes,5,2,4,2,3,4,4,1,3,1,3,2,3,1,1,1,0,0,0,0,0,1
18.0,Male,Single,Yes,2,3,3,1,3,2,1,1,2,1,1,2,4,1,0,0,0,1,0,0,0,0
18.0,Male,Single,Yes,6,2,3,1,3,5,3,5,1,2,5,2,1,0,0,0,1,0,0,0,0,0
15.0,Male,Single,Yes,5,1,1,1,3,3,3,3,3,3,1,1,1,1,0,1,0,1,0,0,0,1
20.0,Female,Single,Yes,2,2,2,1,3,5,3,5,1,2,5,4,5,1,0,1,1,1,1,1,0,1
20.0,Female,Single,Yes,6,5,4,2,4,5,3,1,3,2,4,3,4,0,1,1,0,0,0,0,0,1
26.0,Female,Married,Yes,3,4,4,3,3,4,4,4,5,3,4,3,4,0,1,0,0,0,0,1,0,1
30.0,Female,Married,Yes,5,2,4,4,3,4,5,4,2,2,4,2,1,0,1,1,0,0,0,0,0,1
32.0,Female,Married,Yes,4,5,5,3,5,5,5,5,1,4,5,5,4,0,1,1,0,0,0,0,0,0
24.0,Male,Single,Yes,3,3,4,3,4,3,4,4,2,4,3,4,4,0,1,1,0,0,0,0,0,1
26.0,Female,Married,Yes,2,2,1,2,3,4,4,4,2,4,4,4,1,0,1,0,0,0,0,0,0,1
29.0,Female,Married,Yes,3,3,3,4,3,2,3,3,3,4,2,2,2,0,1,0,0,0,0,0,0,1
21.0,Male,Single,Yes,3,2,3,2,3,3,2,2,3,4,4,5,4,1,1,1,1,0,0,0,1,1
