Age,"On average, how many hours a day do you spend on your phone?",Do you check your screen time stats regularly?,How satisfied are you with your phone usage?,Have you ever used any app to try to reduce your screen time?,How often do you check you phone first thing when you wake up?,Do you usually scroll on your phone before going to bed?,Do you think your phone hurts your academic performance?,Have you ever caught yourself scrolling endlessly with no purpose?,"How much short-video content (TikTok, Reels, Shorts) do you watch?",How long can you focus on a single task (like studying or reading) before feeling the urge to check your phone?,Have you ever re-read the same paragraph or page multiple times because your mind wandered?,"What is your GPA or grade (Excellent, Very good, Good, etc.)?",Do you currently have a job? (Part-time or Full-time),Gender_Female,Gender_Male,"App_Social Media (Instagram, Facebook, TikTok, etc.)",App_Texting,"App_Streaming and Videos (YouTube, Netflix, Shahid, etc.)","App_Study or Work related (Canvas, Notion, LinkedIn, etc.)",App_Gaming,"App_Shopping (Amazon, Noon, Jumia, etc.)",synthetic
0.125,3,1,2,1,5,1,4,5,2,1,3,4.0,0.0,False,True,1,1,1,0,0,0,0
0.125,3,1,1,1,5,1,3,5,3,0,3,4.0,0.0,False,True,1,1,1,1,0,0,0
0.1875,4,0,1,1,4,1,5,5,3,2,2,1.0,0.0,False,True,1,1,0,0,1,0,0
0.25,2,1,4,1,3,1,4,3,2,2,3,2.0,1.0,False,True,1,1,1,0,0,0,0
0.25,2,1,2,0,5,1,4,4,2,2,2,4.0,0.0,True,False,1,0,1,0,0,0,0
0.125,3,1,1,0,5,1,5,2,3,0,3,3.0,0.0,False,True,1,1,0,1,0,0,0
0.1875,3,1,1,0,5,1,3,5,2,3,2,3.0,0.0,False,True,1,1,1,0,0,0,0
0.25,2,1,4,1,5,1,2,3,2,2,2,4.0,1.0,False,True,1,1,0,1,0,0,0
0.0,3,0,4,0,5,1,2,4,2,3,2,4.0,0.0,False,True,1,0,1,0,1,0,0
1.0,2,1,3,0,5,1,2,4,2,4,3,3.0,1.0,False,True,0,0,0,1,0,0,0
0.375,2,0,3,0,3,1,4,3,2,1,3,4.0,0.0,False,True,1,1,1,1,1,1,0
0.125,2,1,1,1,5,1,4,4,3,1,3,3.0,0.0,False,True,1,1,0,0,1,0,0
0.1875,2,0,2,0,5,1,4,4,2,2,3,3.0,0.0,True,False,1,0,1,0,0,0,0
0.1875,2,1,2,0,5,1,5,5,2,2,2,4.0,0.0,False,True,1,1,1,0,0,0,0
0.25,3,0,3,0,4,1,3,2,2,1,3,0.0,0.0,False,True,1,0,0,0,0,0,0
0.375,2,1,2,1,4,1,5,5,3,2,3,3.0,0.0,True,False,1,0,1,0,0,0,0
0.25,2,1,2,0,5,1,5,5,2,0,3,4.0,0.0,False,True,1,1,1,1,0,0,0
0.125,2,0,2,1,5,1,5,5,3,4,3,3.0,1.0,False,True,1,1,1,1,0,1,0
0.0625,2,0,2,1,4,1,5,4,3,2,3,1.0,0.0,True,False,1,1,1,0,0,0,0
0.375,2,1,3,1,4,1,4,4,2,3,2,4.0,1.0,False,True,1,1,1,1,1,1,0
0.1875,3,1,3,0,5,1,4,5,2,1,2,4.0,0.0,True,False,1,0,0,0,0,0,0
0.3125,1,0,3,0,4,1,4,3,1,2,3,4.0,1.0,True,False,1,0,1,0,0,0,0
0.125,1,1,2,1,3,1,3,3,0,4,2,4.0,0.0,False,True,0,1,1,0,0,0,0
0.0625,2,0,3,0,3,1,4,3,2,4,2,3.0,1.0,False,True,0,1,1,1,0,0,0
0.25,2,1,2,0,4,1,2,4,2,2,1,4.0,0.0,False,True,1,0,1,1,0,0,0
0.125,3,1,2,1,5,1,5,5,3,0,3,1.0,0.0,True,False,1,0,0,0,0,0,0
0.25,2,0,3,0,5,1,5,3,3,2,1,4.0,0.0,False,True,1,0,0,0,0,0,0
0.25,1,0,5,1,5,1,3,4,3,2,3,2.0,0.0,False,True,1,0,0,0,0,0,0
0.25,2,0,3,0,4,1,3,4,2,1,3,4.0,0.0,False,True,1,1,0,0,0,0,0
0.1875,2,0,3,1,5,1,5,5,3,1,3,1.0,1.0,False,True,1,0,0,0,0,0,0
0.125,2,1,1,0,5,0,3,1,0,4,1,3.0,0.0,False,True,0,1,0,0,0,0,0
0.125,2,1,3,0,3,1,4,4,2,1,3,4.0,0.0,True,False,1,0,0,0,0,0,0
0.25,1,1,5,1,1,1,5,2,1,0,0,4.0,1.0,True,False,1,0,0,0,0,0,0
0.25,2,1,3,0,4,1,4,3,3,2,2,3.0,0.0,True,False,1,0,1,1,0,0,0
0.25,2,0,1,0,3,1,3,4,3,2,2,4.0,0.0,True,False,1,0,0,0,0,0,0
0.125,2,1,3,1,4,1,4,5,3,2,3,2.0,0.0,False,True,1,0,0,0,0,0,0
0.25,2,1,2,1,5,1,5,3,2,2,2,3.0,0.0,False,True,1,0,0,1,0,0,0
0.1875,1,0,3,0,4,0,2,3,0,2,2,4.0,0.0,False,True,0,1,0,1,0,0,0
0.1875,3,0,3,1,4,1,2,4,3,2,2,2.0,0.0,True,False,1,1,1,1,1,0,0
0.25,3,0,2,1,4,1,3,4,2,2,2,2.0,0.0,False,True,1,0,1,0,0,0,0
0.3125,3,1,3,0,5,1,2,2,1,2,2,2.0,0.0,False,True,1,0,1,1,0,0,0
0.3125,2,1,3,0,1,1,5,5,3,2,3,4.0,1.0,False,True,1,1,0,0,0,0,0
0.1875,3,1,4,0,5,1,5,5,3,1,3,,0.0,True,False,1,1,0,1,0,0,0
0.25,2,1,2,1,4,1,1,3,1,0,3,3.0,0.0,False,True,0,0,1,1,0,0,0
0.25,1,0,1,1,4,1,5,3,3,2,1,2.0,0.0,False,True,1,0,1,0,0,0,0
0.1875,2,1,3,1,5,1,3,4,3,2,2,3.0,0.0,True,False,1,0,1,0,0,0,0
0.3125,3,1,1,1,4,1,5,3,2,3,3,4.0,0.0,True,False,1,0,0,1,0,0,0
0.1875,3,1,1,1,5,1,5,5,2,1,3,4.0,0.0,False,True,1,0,0,0,0,0,0
0.1875,2,1,1,1,5,1,5,3,1,3,3,3.0,0.0,True,False,1,1,0,0,0,1,0
0.25,1,0,3,1,5,1,3,4,3,3,3,3.0,0.0,False,True,0,1,1,1,0,1,0
0.4375,2,1,5,0,3,1,3,4,2,4,2,3.0,1.0,False,True,1,0,0,1,0,0,0
0.25,2,1,3,0,3,1,4,2,2,4,2,3.0,0.0,False,True,1,1,0,0,1,0,0
0.1875,2,1,2,1,5,1,3,5,2,1,3,4.0,0.0,True,False,1,0,0,0,0,0,0
0.125,2,1,2,1,5,1,5,5,2,4,2,4.0,0.0,False,True,1,1,1,0,0,0,0
0.3125,3,0,2,0,1,0,5,3,3,0,2,2.0,0.0,False,True,1,0,1,0,0,0,0
0.5,2,0,5,0,4,1,3,4,2,2,2,3.0,1.0,False,True,1,1,0,1,0,0,0
0.4375,2,0,3,0,5,1,2,5,2,0,2,3.0,0.0,False,True,1,1,1,0,0,0,0
0.0625,2,1,1,0,4,1,5,3,2,3,2,4.0,0.0,True,False,1,0,1,1,1,0,0
0.125,4,0,4,1,5,1,5,3,3,2,2,2.0,0.0,False,True,1,0,0,0,0,0,0
0.1875,3,1,2,0,5,1,4,4,3,1,2,4.0,0.0,True,False,1,1,0,0,0,0,0
0.1875,2,1,4,0,5,1,2,5,3,3,1,4.0,0.0,False,True,1,0,0,0,0,0,0
0.125,2,1,2,1,5,1,4,4,2,2,2,3.0,0.0,True,False,1,0,1,0,0,0,0
0.5625,2,1,2,0,5,1,2,4,2,1,2,3.0,1.0,False,True,0,1,1,0,0,0,0
0.1875,2,1,3,0,5,1,4,5,3,2,3,4.0,0.0,False,True,1,0,1,0,0,0,0
0.25,1,1,3,1,5,1,3,4,0,2,2,4.0,0.0,False,True,1,1,1,0,0,0,0
0.25,2,0,3,0,2,1,4,4,3,1,2,4.0,0.0,True,False,1,1,0,0,0,0,0
0.25,2,1,1,1,3,1,3,4,2,1,3,3.0,0.0,True,False,1,0,1,0,0,1,0
0.25,2,1,2,1,2,1,4,5,2,2,1,4.0,0.0,True,False,0,0,1,1,1,0,0
0.25,1,0,1,0,5,1,5,3,0,2,2,4.0,0.0,False,True,1,0,1,0,0,0,0
0.25,2,0,2,1,5,1,5,4,3,1,3,4.0,0.0,True,False,1,0,1,0,0,0,0
0.3125,1,0,4,1,4,1,5,4,2,3,1,4.0,1.0,False,True,1,0,0,1,0,0,0
0.25,2,0,5,0,5,1,3,2,2,2,1,3.0,0.0,False,True,1,0,0,1,0,0,0
0.4375,1,0,2,0,3,1,3,5,3,0,3,1.0,1.0,False,True,1,0,1,0,1,0,0
0.25,3,0,5,0,5,1,4,5,2,0,2,0.0,1.0,False,True,1,1,1,0,0,0,0
0.25,2,0,4,0,5,1,3,3,3,3,2,4.0,,False,True,1,0,0,0,1,0,0
0.1875,3,1,1,1,5,1,4,5,3,0,3,4.0,0.0,False,True,1,1,0,0,0,0,0
0.25,2,1,3,0,2,1,3,4,1,2,3,4.0,0.0,False,True,1,0,1,1,0,0,0
0.125,3,0,2,0,5,1,5,2,3,1,3,1.0,0.0,False,True,1,0,0,0,0,0,0
0.1875,1,1,2,1,5,0,5,4,2,1,3,4.0,1.0,False,True,0,1,1,1,0,0,0
0.1875,2,0,3,1,5,1,2,5,3,3,2,4.0,0.0,False,True,1,0,1,1,0,0,0
0.1875,3,0,3,0,5,1,4,2,1,4,2,3.0,0.0,False,True,1,0,1,1,0,0,0
0.1875,3,1,2,1,4,0,4,3,2,3,2,2.0,0.0,False,True,1,0,1,0,0,0,0
0.125,2,0,2,1,4,1,4,5,3,3,2,4.0,0.0,True,False,1,0,1,0,0,0,0
0.3125,3,0,4,0,5,1,4,4,2,1,3,3.0,0.0,False,True,1,1,1,0,0,0,0
0.1875,2,1,3,0,3,1,4,1,2,2,2,2.0,1.0,False,True,1,1,0,1,0,0,0
0.4375,2,1,4,0,4,0,2,1,1,3,1,3.0,0.0,False,True,1,1,1,0,0,0,0
0.1875,2,0,3,1,4,1,5,4,3,1,2,4.0,0.0,False,True,1,0,0,0,0,0,0
0.3125,4,1,2,1,3,0,2,3,1,3,3,1.0,,False,True,0,0,1,1,0,0,0
0.0523,1,1,3,0,3,1,4,2,3,2,3,2.0,1.0,True,True,1,1,1,0,1,0,1
0.1633,1,0,4,1,4,1,2,4,1,2,3,4.0,0.0,False,True,1,1,1,1,0,0,1
0.151,2,1,2,1,3,1,5,4,3,2,1,2.0,0.0,False,True,1,0,0,0,0,0,1
0.0909,2,0,2,0,3,1,4,3,2,2,3,1.0,0.0,False,True,1,1,0,1,1,0,1
0.2858,3,0,2,1,5,1,3,5,2,2,2,2.0,0.0,True,True,1,1,1,0,0,0,1
0.3558,2,0,5,0,4,1,3,4,3,1,2,3.0,0.0,False,True,1,1,1,0,0,0,1
0.0081,1,0,2,0,3,1,3,5,2,2,1,2.0,1.0,False,True,1,0,1,0,0,0,1
0.3241,2,1,1,1,4,1,3,4,3,2,2,2.0,0.0,False,True,1,1,0,0,0,0,1
0.1967,1,1,1,0,5,0,2,1,3,4,3,4.0,1.0,False,True,1,0,0,1,0,0,1
0.0295,2,0,3,0,5,1,3,4,3,1,3,4.0,0.0,False,False,1,0,1,1,0,0,1
0.2037,2,1,1,0,4,1,3,5,2,1,2,3.0,0.0,False,True,1,1,1,0,1,0,1
0.0933,3,0,3,1,5,1,4,4,3,3,3,4.0,1.0,False,True,1,0,1,1,0,0,1
0.0269,1,0,2,0,4,1,5,4,3,2,1,4.0,1.0,False,True,1,1,1,1,0,0,1
0.1797,2,0,4,1,3,1,3,4,2,1,2,3.0,0.0,True,True,0,1,0,0,0,0,1
0.3793,2,0,2,1,3,1,2,3,3,2,3,3.0,0.0,False,True,1,0,1,1,1,0,1
0.067,2,0,2,1,5,1,2,2,2,0,3,2.0,1.0,False,True,1,0,0,1,0,0,1
0.0186,2,1,4,1,4,1,2,4,2,1,3,4.0,0.0,False,True,1,0,1,0,0,0,1
0.1556,4,0,3,0,5,1,5,5,2,2,2,4.0,0.0,False,True,1,1,0,1,0,0,1
0.0,3,0,3,1,5,1,5,5,3,1,2,4.0,0.0,False,True,1,1,1,1,0,0,1
0.1584,1,1,3,1,3,1,2,2,3,1,3,3.0,0.0,False,True,1,1,1,0,0,1,1
0.1999,1,1,1,1,5,1,5,1,2,4,1,1.0,0.0,False,False,0,1,1,0,0,0,1
0.2167,1,0,1,1,4,1,4,4,3,2,2,3.0,0.0,False,True,1,1,1,0,0,0,1
0.2218,1,1,4,1,4,1,3,4,1,2,2,2.0,0.0,False,True,1,1,1,0,0,0,1
0.2945,3,1,4,0,5,0,4,3,2,1,2,4.0,0.0,False,True,1,0,0,1,0,0,1
0.2708,2,0,2,0,4,1,2,3,1,3,1,3.0,0.0,False,True,1,0,1,0,0,0,1
0.2352,2,1,2,1,4,1,5,5,0,1,1,4.0,0.0,False,True,1,1,0,0,0,0,1
0.1254,2,1,2,1,4,1,5,2,2,1,3,4.0,0.0,False,True,0,1,1,1,1,0,1
0.0168,2,0,2,1,5,1,3,1,3,2,1,2.0,0.0,False,True,1,1,1,1,0,0,1
0.0947,2,1,2,0,5,1,4,2,3,2,2,2.0,0.0,False,True,1,0,0,0,0,0,1
0.2655,4,1,2,1,5,1,2,3,3,1,0,0.0,0.0,False,False,1,0,1,1,1,0,1
0.2969,3,1,1,0,5,1,5,3,0,1,3,2.0,0.0,False,True,1,1,1,0,0,0,1
0.0559,1,0,2,0,4,1,5,5,3,0,2,1.0,0.0,False,True,1,1,1,0,0,0,1
0.1029,2,1,4,0,5,1,4,3,2,1,3,4.0,0.0,True,True,1,1,1,0,0,1,1
0.0869,1,1,5,1,4,1,3,5,2,0,2,2.0,0.0,False,True,1,1,1,0,0,0,1
0.0,1,1,5,1,5,0,4,4,2,1,2,3.0,0.0,False,True,0,0,1,1,0,1,1
0.0,2,1,2,1,1,1,3,4,2,1,2,4.0,0.0,False,True,1,1,0,1,1,0,1
0.0631,1,0,2,1,4,1,3,3,3,2,2,4.0,0.0,False,False,1,1,1,1,0,0,1
0.208,2,1,3,1,5,0,4,3,2,2,2,4.0,1.0,False,True,1,0,0,0,0,0,1
0.142,2,1,3,0,3,0,5,5,2,4,3,2.0,1.0,True,False,1,1,1,1,0,0,1
0.0446,3,0,2,1,4,1,5,4,2,2,3,4.0,0.0,False,True,1,0,1,1,0,0,1
0.3895,1,0,2,1,4,1,5,4,3,2,3,4.0,0.0,True,True,1,0,1,1,1,0,1
0.0247,2,0,2,1,4,0,4,2,1,2,1,1.0,0.0,False,True,1,1,1,1,0,0,1
0.3358,3,0,2,0,1,1,5,3,0,2,1,0.0,0.0,False,False,1,1,1,1,0,1,1
0.0346,3,1,3,1,5,1,5,5,2,3,3,4.0,1.0,True,True,0,1,1,0,1,1,1
0.1224,3,1,3,0,4,1,5,4,2,4,2,1.0,1.0,False,True,1,0,1,0,0,0,1
0.2516,1,1,2,1,4,1,2,3,2,3,3,2.0,0.0,False,True,1,0,1,0,0,0,1
0.3005,2,1,4,1,4,1,2,5,3,4,1,3.0,0.0,False,True,1,0,1,0,1,0,1
0.0323,2,0,1,0,5,1,4,4,3,1,3,4.0,0.0,True,True,1,1,1,0,0,0,1
0.004,2,1,2,1,4,1,2,3,0,1,0,4.0,0.0,False,True,0,0,1,0,0,0,1
0.072,2,1,2,1,4,0,2,2,3,2,3,4.0,0.0,False,False,1,1,1,1,0,1,1
0.0853,3,0,2,1,5,1,5,4,2,2,2,2.0,0.0,False,True,1,0,1,1,0,0,1
0.0,1,0,4,0,4,1,3,4,1,0,2,4.0,1.0,False,True,0,1,1,0,0,1,1
0.3288,2,0,2,1,5,1,3,5,2,3,2,3.0,0.0,False,True,0,1,1,1,0,0,1
0.0454,2,0,2,0,4,1,5,4,2,0,3,1.0,0.0,False,False,0,1,1,0,0,0,1
0.0403,4,1,3,1,4,1,3,5,3,4,3,3.0,0.0,False,True,1,1,0,0,0,0,1
0.1268,4,0,2,1,5,1,5,3,3,2,3,4.0,1.0,False,True,1,1,0,0,1,0,1
0.0223,2,1,1,1,4,1,3,4,3,1,1,2.0,0.0,False,True,1,1,1,1,0,0,1
0.2445,1,1,2,0,1,1,5,3,1,3,3,3.0,0.0,False,False,1,1,1,0,0,0,1
0.0074,1,1,1,1,3,0,5,4,2,2,3,4.0,0.0,False,True,1,0,1,1,0,0,1
0.1375,1,0,2,0,3,1,3,4,2,2,2,4.0,0.0,False,True,1,1,1,0,0,0,1
0.2004,1,0,3,0,5,1,4,4,3,2,3,4.0,1.0,False,False,1,1,1,1,0,0,1
0.1346,3,1,5,0,3,1,4,3,3,4,1,4.0,0.0,False,True,0,1,1,0,0,0,1
0.2333,2,0,1,1,3,1,3,4,3,4,2,2.0,0.0,True,True,1,1,1,0,0,0,1
0.0102,2,0,3,1,4,1,5,5,2,0,2,1.0,0.0,True,True,1,0,1,0,0,0,1
0.0121,2,1,2,1,5,1,5,4,1,1,3,3.0,1.0,False,False,1,0,1,1,0,0,1
0.1268,2,0,2,1,5,1,5,1,3,2,1,3.0,0.0,True,True,1,0,1,0,0,0,1
0.208,2,0,4,1,4,1,3,5,0,3,2,3.0,0.0,False,True,1,0,1,1,0,0,1
0.0872,1,1,2,1,5,0,5,3,3,2,2,3.0,0.0,True,True,0,1,1,0,0,0,1
0.1831,2,0,3,1,4,1,2,4,2,2,2,2.0,0.0,True,True,1,1,0,0,0,0,1
0.0389,1,0,3,1,3,1,5,4,2,1,2,4.0,1.0,False,True,1,1,1,1,0,0,1
0.0502,2,1,1,1,4,1,3,3,2,2,3,3.0,0.0,False,True,1,1,1,1,0,0,1
0.1599,2,0,2,0,4,1,5,5,2,3,3,4.0,0.0,False,True,1,1,1,0,0,0,1
0.0132,2,0,2,1,4,1,5,4,2,1,3,4.0,0.0,False,True,1,1,1,0,0,0,1
0.3104,2,0,2,0,4,1,4,3,3,4,1,4.0,0.0,False,True,1,0,1,1,0,0,1
0.2909,2,0,2,0,4,1,3,2,2,1,1,4.0,0.0,False,True,1,0,1,0,0,0,1
0.0371,2,1,1,0,4,1,2,5,2,2,2,4.0,0.0,True,True,0,1,1,0,0,0,1
0.2496,2,0,2,0,3,1,4,5,2,1,3,3.0,0.0,False,False,1,0,1,1,1,0,1
0.3219,2,0,1,1,5,1,3,1,2,3,3,4.0,0.0,False,False,1,0,0,0,0,0,1
0.2113,2,0,2,1,5,1,5,4,2,3,3,4.0,0.0,False,True,1,1,1,0,0,0,1
0.0,3,1,1,0,5,1,3,5,3,4,2,3.0,0.0,False,False,1,0,0,0,0,0,1
0.6929,2,0,1,1,4,1,2,3,2,4,3,3.0,0.0,False,True,1,0,0,0,0,1,1
0.1426,3,0,3,1,5,0,2,3,3,2,3,2.0,0.0,False,False,1,0,0,1,0,0,1
0.079,2,1,3,1,5,1,3,5,1,1,3,4.0,0.0,False,True,1,1,1,0,0,0,1
0.0001,1,0,2,1,5,1,5,3,3,2,2,4.0,1.0,False,False,1,0,1,1,0,0,1
0.0887,2,0,3,0,5,1,2,5,2,3,3,2.0,1.0,False,True,1,0,1,0,0,0,1
0.0288,2,1,2,1,5,1,4,4,3,4,1,2.0,,False,True,1,1,1,0,0,0,1
0.0445,2,0,5,1,5,1,3,5,3,2,3,4.0,0.0,False,True,1,0,0,1,0,0,1
0.0,3,1,3,1,4,1,5,1,2,4,3,2.0,0.0,False,True,1,0,1,1,1,0,1
0.2109,2,1,1,0,4,1,4,3,0,0,3,4.0,1.0,False,True,1,0,0,1,1,0,1
0.0595,2,1,5,0,5,1,2,3,3,3,2,4.0,0.0,False,True,1,1,1,0,0,0,1
0.294,1,1,2,1,3,1,4,3,1,2,2,4.0,0.0,False,True,1,1,1,0,0,0,1
0.1915,2,0,2,1,4,1,3,5,3,2,2,4.0,0.0,False,True,0,0,1,0,0,0,1
0.3844,1,0,2,1,5,1,5,5,2,0,2,4.0,1.0,False,True,1,1,0,1,0,0,1
0.2721,4,1,2,0,1,1,5,5,3,2,1,4.0,1.0,False,True,1,0,1,1,0,0,1
0.2043,2,1,1,1,5,1,3,4,3,2,3,4.0,1.0,True,True,1,0,1,0,0,0,1
0.0,3,1,2,1,5,1,3,3,3,1,3,3.0,1.0,False,False,1,1,1,0,0,0,1
0.2647,1,0,4,1,4,1,4,3,3,2,3,4.0,0.0,True,False,1,1,1,0,0,0,1
0.1629,1,0,3,1,5,1,3,5,3,2,0,4.0,0.0,False,True,1,0,1,0,0,0,1
0.1072,2,1,3,1,4,1,5,5,1,2,3,2.0,0.0,False,True,1,0,1,0,0,0,1
0.0203,1,1,1,0,3,1,3,5,2,2,3,3.0,0.0,False,False,1,1,1,0,0,0,1
0.3264,3,0,2,0,4,1,4,5,3,4,2,4.0,0.0,False,True,1,0,0,0,0,0,1
0.0782,2,0,5,0,4,1,5,3,1,2,2,4.0,0.0,False,True,1,1,1,0,1,0,1
0.1426,2,0,3,0,4,1,2,5,1,2,2,4.0,0.0,True,True,1,0,1,0,0,0,1
0.1611,3,0,3,1,4,1,2,4,2,2,3,3.0,0.0,False,True,1,1,1,1,0,0,1
0.0619,2,1,2,1,3,1,3,5,3,0,2,4.0,1.0,False,True,1,1,1,1,0,0,1
0.2213,1,0,1,1,3,1,4,5,2,2,3,1.0,0.0,False,True,1,1,1,0,0,0,1
0.024,2,1,3,0,3,1,4,4,3,2,2,4.0,0.0,False,True,1,0,1,0,0,0,1
0.1371,1,0,4,1,3,1,5,2,2,3,2,3.0,0.0,False,True,1,1,0,0,1,0,1
0.1245,1,0,3,1,3,0,5,4,2,1,2,4.0,0.0,False,True,1,1,0,0,0,0,1
0.0444,2,1,2,0,5,1,3,1,1,2,1,4.0,0.0,False,True,1,0,1,1,0,0,1
0.2826,4,1,5,0,5,1,4,5,3,1,2,3.0,1.0,False,True,1,0,1,0,0,0,1
0.2455,1,1,2,0,5,1,2,5,3,2,2,4.0,0.0,True,True,1,1,1,0,0,0,1
0.1405,2,1,2,1,3,1,5,2,3,1,3,2.0,0.0,False,True,1,1,1,0,1,0,1
0.4079,1,0,2,0,2,1,2,4,3,1,1,2.0,1.0,False,False,1,1,0,1,0,0,1
0.2445,3,0,5,0,5,1,5,4,3,2,3,3.0,0.0,False,True,1,0,0,1,0,0,1
0.0665,3,0,3,0,5,0,4,1,3,2,2,3.0,1.0,False,False,1,0,0,0,0,0,1
0.1195,2,1,1,0,5,1,3,4,1,4,2,4.0,1.0,False,True,1,1,1,0,0,0,1
0.3316,2,1,2,0,5,1,5,5,2,2,2,4.0,0.0,True,True,0,1,1,1,0,0,1
0.2179,2,1,2,1,3,1,5,5,3,4,2,2.0,0.0,False,False,0,0,1,1,1,0,1
0.4078,2,1,5,0,5,1,5,4,1,2,3,3.0,,False,True,1,1,1,0,0,0,1
0.2054,1,0,2,1,4,1,5,5,3,2,3,4.0,0.0,True,True,1,1,0,0,0,1,1
0.0525,2,0,3,0,5,1,5,3,3,2,2,3.0,0.0,True,False,1,1,0,0,0,1,1
0.2782,2,0,1,0,5,1,5,3,3,0,3,3.0,0.0,False,True,1,0,1,0,0,0,1
0.18,1,0,1,0,4,1,4,5,3,3,3,1.0,0.0,False,True,1,0,0,1,0,0,1
0.2864,1,0,2,1,4,1,5,3,2,2,2,2.0,0.0,True,True,0,1,1,0,0,0,1
0.0972,3,1,5,0,5,1,5,4,3,2,2,4.0,0.0,False,True,1,0,1,0,0,0,1
0.0,1,1,3,1,4,1,5,4,2,1,3,2.0,0.0,False,False,1,1,1,0,0,0,1
0.0725,2,0,3,1,5,0,4,5,1,2,1,4.0,0.0,True,True,1,1,0,1,0,0,1
0.005,2,1,1,1,5,1,4,4,3,2,2,3.0,0.0,False,True,1,1,1,1,0,0,1
0.2691,2,1,3,0,4,1,4,3,3,4,2,4.0,0.0,False,False,1,1,0,1,0,0,1
0.1821,2,1,2,1,5,1,3,5,3,1,2,4.0,0.0,False,True,0,0,1,0,0,0,1
0.4036,1,0,2,1,5,1,4,4,3,0,2,3.0,0.0,False,True,1,0,0,0,1,0,1
0.2039,2,0,1,0,5,1,4,4,3,2,2,4.0,0.0,True,True,1,0,1,1,0,0,1
0.2429,2,1,1,1,3,1,3,3,2,1,3,4.0,0.0,True,True,1,0,1,1,0,1,1
0.1066,3,0,4,0,5,0,5,5,2,1,3,3.0,0.0,True,True,0,1,1,0,0,0,1
0.0523,3,1,1,1,5,1,5,4,2,3,3,3.0,0.0,False,True,1,1,1,0,0,0,1
0.1287,2,1,2,0,5,1,4,5,3,2,1,4.0,1.0,False,False,1,0,1,1,0,0,1
0.1362,1,0,3,0,5,1,2,3,3,2,3,3.0,0.0,False,True,1,0,1,0,0,0,1
0.1611,3,0,4,1,4,1,1,4,2,3,3,3.0,0.0,False,True,1,0,1,0,0,0,1
0.3219,2,1,3,0,5,1,5,4,2,4,3,4.0,0.0,True,True,1,0,1,1,0,0,1
0.0,2,1,4,0,4,1,5,3,2,0,1,4.0,1.0,False,True,1,0,0,1,0,0,1
0.016,2,0,1,1,5,1,4,4,1,3,2,4.0,0.0,False,False,1,0,1,0,0,0,1
0.0288,2,0,5,0,3,1,5,5,2,3,3,4.0,0.0,False,False,1,1,0,1,0,0,1
0.0706,2,1,4,1,4,1,2,5,1,0,3,4.0,0.0,True,True,0,0,0,0,0,0,1
0.289,1,0,3,0,4,1,3,1,0,2,1,4.0,0.0,False,False,1,1,1,1,0,0,1
0.2737,2,0,2,0,5,1,2,4,2,3,2,2.0,1.0,False,False,1,1,0,1,0,0,1
0.124,2,1,2,1,5,1,5,4,2,3,3,2.0,1.0,False,True,1,0,1,0,1,0,1
0.0975,2,1,2,1,4,1,5,5,3,2,3,2.0,1.0,True,True,1,1,0,1,0,0,1
0.1781,3,1,2,1,5,0,5,5,2,2,1,4.0,0.0,False,True,1,0,1,0,0,0,1
0.1124,1,0,1,0,3,1,5,4,2,2,3,3.0,0.0,True,False,1,1,0,0,0,0,1
0.2999,2,0,1,0,3,0,2,5,2,2,2,4.0,0.0,True,True,1,1,1,0,0,0,1
0.0806,2,0,3,1,4,1,2,1,3,0,2,3.0,0.0,False,True,0,1,1,1,0,0,1
0.0,2,1,2,1,2,1,4,5,3,1,2,2.0,0.0,False,False,1,1,1,0,0,0,1
0.0663,4,1,2,1,4,1,3,3,2,3,3,3.0,0.0,True,False,1,1,0,0,0,0,1
0.0757,2,1,2,1,5,1,4,5,3,2,3,4.0,0.0,True,True,0,1,1,0,0,0,1
0.0808,3,0,3,0,3,1,5,4,3,2,2,4.0,0.0,True,True,1,1,1,1,0,0,1
0.2973,1,1,2,1,5,1,2,4,2,2,3,2.0,1.0,True,True,1,1,1,0,0,0,1
0.0225,2,1,1,0,3,1,4,4,2,1,2,4.0,0.0,False,False,1,1,0,1,0,1,1
0.1916,2,1,2,1,5,1,5,4,2,2,1,1.0,0.0,False,True,1,0,1,0,0,0,1
0.0,3,0,2,1,5,1,3,2,2,2,3,3.0,0.0,False,True,0,0,1,0,0,0,1
0.4924,1,1,1,1,4,1,5,3,3,3,3,1.0,0.0,False,False,1,0,1,0,0,1,1
0.2231,3,0,1,0,5,0,4,3,0,2,1,3.0,0.0,False,True,0,0,0,1,0,0,1
0.0936,3,1,1,0,5,1,4,4,2,2,3,3.0,0.0,False,False,1,1,1,0,0,1,1
0.2754,2,0,2,1,4,1,5,3,2,4,2,3.0,0.0,False,True,1,1,1,1,0,0,1
0.0766,4,1,1,1,3,1,5,5,3,4,2,4.0,0.0,True,True,1,1,1,1,0,0,1
0.0,3,0,1,1,3,1,2,5,2,0,3,3.0,0.0,False,True,1,0,1,0,0,0,1
0.1294,4,1,1,1,5,1,4,5,3,0,1,4.0,0.0,False,False,1,0,1,1,0,0,1
0.1654,2,1,3,0,4,1,4,3,3,1,3,3.0,0.0,False,True,1,0,1,0,0,0,1
0.0,2,1,5,1,4,1,4,5,3,2,3,3.0,0.0,True,True,1,1,1,1,0,0,1
0.0,3,0,2,1,5,1,3,3,1,4,3,2.0,1.0,False,True,1,0,1,0,0,0,1
0.2567,3,1,2,1,5,1,5,5,3,2,2,3.0,0.0,False,False,1,1,1,0,1,0,1
0.0,2,1,2,1,4,1,2,3,3,2,3,3.0,1.0,False,True,1,1,0,0,0,0,1
0.1624,2,1,2,0,4,0,4,4,2,2,2,2.0,0.0,False,False,1,1,1,0,0,0,1
0.0,2,1,2,1,4,1,5,5,3,3,2,4.0,0.0,False,True,1,1,0,0,0,1,1
0.1072,4,1,3,0,4,1,5,4,3,2,1,3.0,,False,False,0,0,0,0,0,0,1
0.2531,2,0,3,1,5,1,5,4,3,4,3,3.0,0.0,True,True,1,0,1,0,0,0,1
0.132,2,1,3,0,4,1,5,3,3,3,2,4.0,0.0,False,True,1,0,0,1,0,0,1
0.0,2,1,2,1,5,0,5,3,3,2,3,4.0,0.0,False,True,1,1,0,0,0,0,1
0.2335,3,1,2,1,3,1,4,3,2,3,3,2.0,0.0,False,True,1,1,1,1,0,0,1
0.3274,3,1,2,1,4,1,4,4,2,2,2,,0.0,False,True,1,1,0,1,0,1,1
0.273,2,0,5,0,5,1,5,3,2,2,3,4.0,1.0,False,True,1,0,1,0,0,0,1
0.1757,1,1,1,1,4,1,4,5,2,2,1,2.0,1.0,False,True,1,0,0,1,0,0,1
0.0873,2,1,3,1,4,1,3,4,2,2,3,3.0,1.0,False,True,1,0,1,0,0,0,1
0.1971,2,1,2,0,5,1,5,5,2,2,3,4.0,0.0,False,True,1,1,1,0,0,0,1
0.0088,2,1,2,1,2,1,5,4,2,2,1,4.0,0.0,True,False,1,1,1,0,0,0,1
0.0609,4,1,2,1,5,0,3,5,3,1,2,1.0,1.0,True,True,1,0,1,0,0,0,1
0.1264,2,1,3,0,5,1,3,4,3,2,2,3.0,1.0,False,True,1,1,1,0,0,0,1
0.0799,2,0,2,0,3,1,4,5,2,2,3,4.0,1.0,True,True,1,0,1,1,0,0,1
0.2401,1,1,2,1,4,1,4,5,2,2,1,3.0,1.0,True,True,1,1,1,0,0,0,1
0.0,1,0,4,1,3,1,5,3,3,4,3,2.0,0.0,False,True,1,0,1,0,0,0,1
0.0511,3,0,2,1,5,0,5,4,3,4,2,3.0,0.0,False,True,1,0,0,1,0,0,1
0.1901,2,0,3,0,5,0,4,2,3,1,3,4.0,0.0,False,True,1,1,1,0,0,0,1
0.1405,2,1,2,0,3,1,4,3,0,1,3,3.0,1.0,False,False,1,0,1,1,0,0,1
0.0033,2,0,3,1,3,1,4,3,3,2,2,4.0,1.0,False,True,1,1,1,0,0,0,1
0.0,4,0,2,0,4,0,5,5,2,1,2,4.0,0.0,False,True,1,0,0,0,0,0,1
0.1701,2,1,1,1,1,1,4,3,2,2,3,4.0,0.0,True,True,1,0,0,1,0,0,1
0.0,3,0,1,1,3,1,3,5,0,1,3,4.0,0.0,True,True,1,0,0,0,0,1,1
0.2882,1,0,2,0,1,1,5,3,3,2,3,3.0,0.0,False,True,1,1,1,1,0,0,1
0.3678,3,1,1,0,5,1,3,5,2,2,3,4.0,0.0,False,True,1,1,0,0,0,0,1
0.3257,2,1,3,1,5,1,5,5,3,3,3,3.0,0.0,False,True,1,1,0,0,1,0,1
0.0961,2,1,4,0,4,1,2,4,3,2,2,3.0,0.0,False,True,0,1,1,0,0,0,1
0.2535,1,1,2,1,5,0,5,4,3,3,2,3.0,1.0,False,False,0,0,1,0,0,1,1
0.171,3,0,5,1,5,1,5,4,2,2,3,3.0,0.0,False,True,1,1,0,0,0,0,1
0.0513,2,0,5,1,5,1,2,4,2,2,2,4.0,1.0,False,False,1,1,1,0,1,0,1
0.2154,3,0,3,0,3,1,3,5,2,3,1,4.0,1.0,True,True,1,0,1,1,0,0,1
0.0003,2,0,2,0,5,0,3,5,2,2,2,4.0,1.0,False,True,1,1,1,1,0,0,1
0.0885,2,1,3,1,4,1,4,4,2,0,2,1.0,0.0,True,False,1,0,1,0,0,1,1
0.1148,2,0,4,0,5,1,4,5,1,2,2,3.0,0.0,False,True,1,1,1,0,0,0,1
0.0777,1,0,2,0,3,1,5,5,3,1,2,4.0,0.0,False,True,1,1,1,1,0,0,1
0.0844,2,0,2,0,3,1,3,5,2,3,2,4.0,0.0,True,True,1,1,0,0,0,0,1
0.0,1,1,1,0,5,1,5,4,2,2,3,4.0,0.0,True,False,1,0,1,1,0,0,1
0.1216,2,0,5,0,5,1,4,5,2,1,3,1.0,1.0,True,False,1,0,1,0,0,0,1
0.0032,3,0,2,0,4,1,3,3,3,2,2,3.0,0.0,False,True,0,0,1,0,0,0,1
0.0452,1,1,4,0,5,0,5,5,2,4,3,3.0,1.0,False,True,1,0,1,0,0,0,1
0.0,2,1,2,0,5,1,4,4,2,2,2,3.0,0.0,False,True,1,1,1,0,1,0,1
0.13,1,0,2,1,1,1,5,2,3,1,2,3.0,0.0,True,True,1,0,1,1,0,0,1
0.1029,2,1,3,1,5,1,2,4,2,1,3,3.0,0.0,False,True,1,1,1,0,0,0,1
0.4427,2,0,3,1,5,1,5,4,3,4,3,3.0,0.0,False,True,1,1,1,0,0,0,1
0.0467,2,1,3,0,5,1,5,4,1,0,2,4.0,1.0,False,True,0,0,1,0,0,0,1
0.1173,1,1,2,1,4,1,3,4,3,0,3,4.0,0.0,False,True,1,0,1,0,0,0,1
0.321,1,0,2,0,4,1,5,4,3,2,3,3.0,0.0,False,False,1,0,1,1,0,0,1
0.1189,2,1,2,1,5,1,3,1,3,2,2,3.0,0.0,False,False,1,0,1,1,0,0,1
0.0,1,0,3,1,5,1,4,3,2,1,3,2.0,0.0,False,False,1,1,0,1,0,0,1
0.4202,2,0,2,1,5,1,2,4,3,3,2,3.0,0.0,False,True,0,1,1,1,0,0,1
0.2741,2,1,1,0,5,1,2,3,2,0,2,3.0,0.0,True,True,1,0,1,0,0,0,1
0.5895,2,1,2,1,5,1,2,4,2,3,1,4.0,0.0,False,True,1,0,0,1,0,0,1
0.1799,1,1,3,1,5,0,3,5,2,3,2,1.0,1.0,False,True,1,0,1,1,0,0,1
0.0382,2,0,2,1,4,1,3,4,3,1,3,4.0,0.0,False,True,1,1,1,1,1,0,1
0.051,2,1,2,1,4,1,2,3,0,2,3,1.0,0.0,False,True,1,0,0,1,0,1,1
0.0776,1,1,3,0,2,1,3,4,1,2,2,4.0,0.0,False,True,0,1,1,1,0,0,1
0.0493,2,0,2,0,4,1,3,4,3,2,2,4.0,1.0,True,True,0,0,1,1,0,0,1
0.0,2,0,2,0,2,1,5,5,3,2,3,3.0,0.0,False,True,0,1,1,1,0,0,1
0.4009,2,1,3,0,5,1,5,1,2,2,1,4.0,0.0,False,False,1,1,1,0,0,0,1
0.1805,2,1,2,0,4,1,4,5,0,2,3,4.0,1.0,False,True,1,1,1,0,0,0,1
0.0,2,1,3,0,5,1,4,4,1,2,2,4.0,0.0,False,True,1,1,1,1,0,0,1
0.266,2,0,1,1,5,0,5,3,3,2,1,4.0,0.0,False,True,1,1,1,0,0,0,1
0.2168,2,1,1,0,3,1,3,5,3,2,3,1.0,1.0,False,True,1,1,1,0,0,0,1
0.2649,1,0,2,1,3,1,5,5,2,2,3,2.0,0.0,False,True,1,1,0,1,0,0,1
0.2515,2,0,4,1,5,1,5,5,3,3,1,3.0,0.0,False,False,1,1,1,0,0,0,1
0.2986,2,1,2,1,3,1,3,3,2,1,3,4.0,1.0,False,True,0,0,0,0,0,0,1
0.2414,3,1,1,1,5,1,3,2,2,4,2,4.0,0.0,False,False,1,0,1,0,0,0,1
0.1231,4,0,3,0,5,1,3,5,1,3,3,4.0,0.0,True,True,1,1,1,0,1,0,1
0.3424,2,1,1,1,3,1,2,5,1,0,3,3.0,0.0,False,True,1,1,1,1,0,0,1
0.0355,2,1,3,1,5,1,3,3,0,2,2,4.0,0.0,False,True,0,0,1,1,0,0,1
0.087,2,0,4,1,4,1,5,1,2,1,2,3.0,0.0,False,True,1,1,0,1,0,1,1
0.3672,2,0,3,1,3,1,2,3,3,4,3,3.0,0.0,False,True,1,1,1,1,0,0,1
0.3556,2,1,1,0,5,1,2,4,2,4,3,4.0,0.0,False,True,1,1,1,1,1,0,1
0.137,2,1,4,1,4,1,3,3,3,0,3,3.0,0.0,False,True,1,0,1,1,0,0,1
0.0287,2,1,2,0,5,1,5,2,3,3,1,4.0,0.0,False,True,1,0,1,1,1,0,1
0.3913,2,0,2,1,3,1,2,2,3,4,2,2.0,1.0,False,True,0,1,1,0,0,0,1
0.0705,2,1,2,0,3,1,3,3,3,2,2,3.0,1.0,True,True,1,1,1,1,0,0,1
0.2703,2,1,1,1,4,1,5,3,1,1,2,0.0,0.0,True,False,1,1,1,1,0,0,1
0.2909,1,0,1,1,4,1,2,4,2,2,3,4.0,0.0,False,True,1,0,0,1,0,0,1
0.1285,2,1,1,1,1,1,4,5,2,0,2,4.0,0.0,False,False,1,1,1,0,0,1,1
0.1533,2,0,3,1,5,1,3,4,2,2,3,4.0,1.0,False,True,0,0,1,0,0,0,1
0.0884,2,0,2,1,4,1,3,4,3,2,3,4.0,1.0,False,True,0,0,0,0,0,0,1
0.0261,2,0,2,0,5,1,3,5,1,2,3,4.0,,False,True,1,0,0,0,0,0,1
0.1358,3,0,1,1,4,1,3,4,2,3,3,4.0,0.0,False,False,1,1,1,1,0,1,1
0.1112,4,0,4,1,3,1,3,5,3,0,2,4.0,0.0,False,True,1,0,1,0,0,0,1
0.0506,1,0,1,1,5,1,3,5,2,2,3,1.0,0.0,False,True,1,0,0,1,0,0,1
0.1076,3,0,2,1,2,1,3,4,2,0,3,,0.0,False,False,1,0,1,1,0,0,1
0.2116,3,0,3,0,5,1,4,4,2,2,2,3.0,0.0,False,False,1,0,1,0,0,0,1
0.2329,3,1,2,0,3,0,5,5,3,1,3,3.0,0.0,False,True,1,0,0,0,1,0,1
0.2202,4,1,5,1,4,1,4,5,1,2,2,3.0,0.0,False,True,1,1,1,1,0,0,1
0.014,3,1,5,1,5,1,3,4,3,2,2,4.0,0.0,False,True,1,1,0,1,0,0,1
0.1973,3,0,2,1,5,1,5,4,2,2,3,1.0,,False,True,1,1,0,1,0,0,1
0.2058,2,1,4,0,3,1,4,3,2,2,1,2.0,0.0,True,False,1,0,0,0,0,0,1
0.0414,3,0,2,1,5,1,4,3,3,2,3,3.0,0.0,False,False,1,1,1,0,0,0,1
0.0,2,1,3,0,5,1,4,3,2,1,3,4.0,0.0,False,False,1,0,0,1,0,0,1
0.0774,2,0,3,1,1,1,5,5,2,2,3,3.0,0.0,False,True,1,1,1,0,0,0,1
0.1783,3,1,2,1,4,1,2,3,1,0,2,1.0,0.0,False,True,0,1,1,0,0,0,1
0.0246,1,1,2,1,5,1,5,2,2,4,3,4.0,0.0,False,True,1,1,1,1,0,0,1
0.1448,2,0,3,0,4,1,4,5,2,2,2,4.0,0.0,True,True,1,1,1,1,0,0,1
0.0909,2,0,5,1,5,1,5,4,1,1,3,3.0,0.0,False,True,1,1,1,0,0,0,1
0.0112,2,1,2,0,1,1,4,5,2,2,3,4.0,0.0,False,True,0,1,1,1,0,0,1
0.0034,1,1,3,0,2,1,4,2,2,2,3,3.0,0.0,True,True,1,0,1,0,0,0,1
0.0234,1,0,2,1,1,1,3,5,2,1,1,4.0,0.0,False,True,1,0,0,0,0,0,1
0.0,2,1,3,0,5,0,4,3,1,2,3,3.0,0.0,False,True,1,1,1,1,0,1,1
0.1402,2,0,1,1,4,1,3,4,2,2,3,1.0,0.0,False,True,1,1,1,0,1,0,1
0.0,1,0,5,0,4,1,2,3,2,2,3,2.0,1.0,False,False,1,1,1,1,1,0,1
0.154,2,0,3,1,4,1,5,3,0,2,3,2.0,0.0,False,True,1,1,1,0,0,0,1
0.1438,4,1,4,0,3,1,5,4,3,3,3,3.0,0.0,True,True,1,1,1,0,0,1,1
0.2082,3,1,4,0,5,1,5,5,2,2,2,2.0,0.0,False,True,1,1,1,0,0,0,1
0.0591,1,1,2,0,4,0,3,5,3,1,3,4.0,0.0,True,True,0,1,0,0,1,0,1
0.0273,2,0,3,1,4,1,4,5,2,1,3,4.0,0.0,True,False,1,1,1,0,0,0,1
0.4596,3,0,2,0,5,1,3,5,3,2,2,4.0,0.0,False,True,0,1,1,0,0,0,1
0.0724,2,0,4,0,4,0,2,3,2,2,3,4.0,1.0,False,True,1,0,1,0,0,0,1
0.0315,1,1,4,0,3,1,2,3,3,1,3,4.0,0.0,False,True,0,1,1,0,0,0,1
0.4505,2,0,2,0,5,1,2,2,3,2,2,3.0,0.0,False,True,1,0,1,1,0,0,1
0.0,2,1,1,1,5,1,4,3,2,3,3,3.0,0.0,False,True,1,1,1,1,0,0,1
0.3519,3,0,3,0,5,1,4,3,3,1,2,3.0,0.0,False,True,1,0,1,1,0,0,1
0.1523,2,1,2,0,5,0,5,4,0,3,2,4.0,0.0,False,True,1,1,0,0,0,0,1
0.0193,3,0,1,1,4,1,3,2,3,2,3,3.0,0.0,False,False,1,1,1,0,0,0,1
0.1666,3,1,1,1,4,0,5,4,2,1,2,3.0,0.0,True,True,1,0,1,0,0,0,1
0.0,3,0,2,0,3,1,3,3,3,4,2,2.0,0.0,False,True,1,0,0,1,0,0,1
0.226,2,1,4,0,4,1,5,4,2,2,0,2.0,0.0,False,True,1,0,1,1,0,1,1
0.0,2,1,1,1,3,1,2,3,3,2,2,4.0,0.0,False,True,0,1,1,1,1,0,1
0.0635,2,0,4,1,5,1,4,4,1,2,1,4.0,0.0,False,True,1,1,1,0,0,0,1
0.2835,2,0,3,0,5,0,2,5,0,1,3,2.0,1.0,False,True,1,0,1,1,0,0,1
0.0052,2,1,2,0,4,1,4,5,2,0,3,2.0,0.0,True,True,1,1,1,1,0,0,1
0.073,2,0,2,1,3,1,2,3,3,2,3,4.0,0.0,False,False,1,1,0,0,0,0,1
0.077,2,1,3,1,4,1,5,3,2,1,3,4.0,0.0,False,True,1,0,0,1,0,0,1
0.1508,1,0,2,1,5,1,5,4,2,4,2,1.0,0.0,False,False,0,1,0,1,0,0,1
0.1552,3,0,3,0,5,1,3,1,1,1,2,3.0,1.0,False,True,1,1,1,1,0,1,1
0.2632,2,1,2,0,5,1,4,4,3,2,2,3.0,0.0,True,False,1,1,1,0,1,0,1
0.1078,1,1,3,1,3,1,5,4,0,1,2,0.0,0.0,True,True,1,0,1,0,0,0,1
0.3052,2,0,3,0,5,1,5,4,3,4,3,3.0,0.0,False,True,0,1,1,0,0,0,1
0.0148,2,0,3,0,4,1,3,5,2,2,3,4.0,0.0,False,True,1,0,0,1,0,0,1
0.1038,2,0,4,0,5,1,5,4,2,2,3,4.0,0.0,False,True,0,1,0,0,0,0,1
0.1881,2,1,5,1,3,1,5,3,3,0,2,4.0,0.0,False,True,0,1,1,0,0,0,1
0.0257,2,1,4,1,4,1,4,5,2,2,2,4.0,0.0,False,True,1,1,0,1,0,0,1
0.2238,3,0,1,1,5,1,2,4,3,1,3,4.0,0.0,False,True,1,0,1,0,0,0,1
0.0,3,0,3,0,5,1,4,5,1,4,3,0.0,0.0,False,False,1,1,1,1,0,0,1
0.0,2,1,3,1,5,1,4,3,3,4,2,4.0,0.0,False,True,1,1,1,0,0,0,1
0.0499,1,0,3,1,3,1,3,4,2,2,2,4.0,0.0,False,True,1,0,1,1,0,0,1
0.1201,3,0,2,0,5,1,3,5,2,2,3,3.0,0.0,False,True,1,0,0,1,1,0,1
0.2851,4,0,3,1,3,1,2,5,3,1,1,3.0,0.0,False,True,1,0,0,1,0,0,1
0.1135,4,0,1,1,4,1,3,4,3,3,3,3.0,0.0,False,True,1,1,0,0,0,0,1
0.0939,2,1,5,1,3,0,3,4,2,2,2,4.0,0.0,False,True,1,0,0,1,0,0,1
0.2819,3,0,2,0,4,1,5,2,2,1,3,4.0,0.0,False,True,1,1,1,1,0,0,1
0.2996,1,0,1,0,3,1,2,5,1,1,3,1.0,0.0,False,False,1,1,1,1,0,0,1
0.019,1,0,1,1,5,0,2,5,2,4,3,4.0,1.0,False,True,1,0,1,1,0,0,1
0.0814,2,1,4,0,3,1,4,3,2,4,2,3.0,0.0,False,False,1,0,1,0,0,0,1
0.0714,4,0,3,1,4,1,4,4,2,1,2,0.0,0.0,False,True,1,1,1,0,0,0,1
0.0629,3,0,1,1,3,1,3,4,3,0,3,3.0,0.0,False,True,1,0,0,0,0,0,1
0.0269,2,0,2,0,4,1,3,5,3,2,3,2.0,0.0,True,True,1,0,1,0,0,0,1
0.1859,2,0,3,1,5,1,3,4,2,0,2,3.0,0.0,False,True,1,1,1,0,1,0,1
0.3514,2,0,3,0,5,0,3,3,2,2,3,4.0,0.0,False,False,1,1,1,1,0,0,1
0.0,2,0,2,0,2,1,4,2,3,4,0,,0.0,False,True,1,1,1,1,0,0,1
0.1054,2,1,2,1,2,1,5,5,1,1,3,3.0,0.0,False,True,0,0,1,1,0,0,1
0.2129,1,0,4,1,1,1,4,5,0,2,2,4.0,0.0,True,True,1,0,0,0,0,0,1
0.1229,1,0,1,1,4,1,2,2,2,3,3,2.0,1.0,False,True,1,1,1,0,0,0,1
0.0285,2,1,2,1,4,1,2,3,1,4,3,3.0,1.0,True,True,1,1,0,1,0,0,1
0.1474,2,0,4,1,4,1,2,5,0,1,3,4.0,0.0,False,True,1,0,1,1,1,0,1
0.3934,2,0,2,0,5,1,5,4,1,0,3,3.0,1.0,False,True,1,0,1,0,0,1,1
0.1407,2,1,2,1,3,0,5,3,2,1,3,3.0,1.0,False,True,1,1,1,1,0,0,1
0.0731,3,0,5,0,1,1,2,4,1,2,2,4.0,0.0,False,True,1,1,1,1,0,0,1
0.0853,2,1,5,1,5,1,5,5,3,0,2,4.0,1.0,False,True,1,1,1,0,0,0,1
0.0,2,1,3,0,4,1,5,3,3,1,1,4.0,0.0,False,True,1,1,1,1,0,0,1
0.0256,2,0,2,0,4,1,1,3,0,2,1,3.0,0.0,False,True,1,1,1,0,0,0,1
0.0,2,0,4,0,4,1,2,2,2,2,2,4.0,0.0,True,True,1,1,1,1,0,0,1
0.222,3,1,4,1,5,1,5,3,2,3,3,4.0,0.0,False,True,1,1,1,0,1,0,1
0.0729,1,0,3,1,5,0,5,4,3,0,3,4.0,0.0,False,True,1,1,0,1,0,0,1
0.1731,3,1,2,1,4,1,5,1,3,2,3,4.0,0.0,False,True,1,0,0,1,1,0,1
0.3764,2,1,3,1,4,1,5,4,1,1,2,1.0,0.0,False,True,1,0,1,1,1,0,1
0.0301,2,1,2,1,5,1,5,4,0,1,1,4.0,0.0,False,True,1,1,1,0,0,0,1
0.3092,2,1,2,1,5,1,3,4,2,2,2,4.0,0.0,False,True,1,1,1,1,0,0,1
0.1405,3,1,2,1,4,1,4,3,3,3,2,4.0,0.0,False,True,1,0,1,0,0,0,1
0.301,3,0,2,1,3,1,5,4,3,1,3,4.0,0.0,True,True,0,1,1,0,0,0,1
0.0,3,1,3,1,1,1,4,4,3,2,2,3.0,1.0,False,True,1,0,0,1,0,0,1
0.3442,1,1,2,1,2,1,4,4,2,1,1,4.0,0.0,False,False,1,0,1,1,0,0,1
0.0138,3,1,2,1,5,1,4,4,2,2,2,,0.0,False,True,1,0,0,0,0,0,1
0.0206,2,1,5,0,1,1,5,5,2,2,2,2.0,0.0,False,True,0,1,1,0,0,0,1
0.0847,2,0,2,1,5,1,2,4,3,2,2,4.0,0.0,False,True,1,0,1,0,0,0,1
0.1495,3,1,3,1,4,1,5,3,3,2,2,4.0,0.0,False,True,0,0,0,1,0,0,1
0.0504,3,0,3,1,4,1,5,4,2,2,1,3.0,1.0,False,True,1,1,1,1,0,0,1
0.1609,4,1,4,1,5,1,4,5,2,1,2,4.0,0.0,False,True,0,0,0,0,0,0,1
0.2016,2,0,2,1,3,1,4,5,3,4,3,4.0,0.0,False,True,1,1,1,0,0,0,1
0.0,2,0,1,1,5,0,5,5,3,3,2,3.0,1.0,False,True,0,1,1,0,1,0,1
0.0,4,0,3,1,5,1,5,5,2,2,3,3.0,1.0,False,True,1,1,1,0,0,0,1
0.1783,2,0,3,1,5,1,5,3,2,0,3,4.0,1.0,False,True,1,0,1,0,0,1,1
0.1547,1,0,2,1,4,1,2,1,1,0,2,1.0,0.0,False,True,1,0,1,0,0,0,1
0.0668,2,1,3,0,3,1,3,5,3,0,3,4.0,0.0,False,True,1,0,1,0,0,0,1
0.3193,2,1,4,1,3,1,2,5,2,3,3,4.0,0.0,False,True,0,0,1,1,1,0,1
0.283,3,0,3,1,1,1,3,5,3,0,2,3.0,0.0,False,True,1,1,0,0,1,0,1
0.2091,2,0,1,1,4,1,5,5,1,1,3,3.0,,True,True,1,1,1,1,0,0,1
0.0,3,0,2,0,3,1,3,4,3,3,2,1.0,1.0,False,True,1,0,1,0,0,0,1
0.1474,4,1,2,0,4,1,4,3,2,0,3,2.0,0.0,False,True,1,1,1,0,1,0,1
0.1095,2,0,2,0,5,1,4,5,2,2,2,4.0,0.0,False,True,1,1,0,1,0,0,1
0.265,2,1,2,1,4,1,2,3,1,3,3,4.0,0.0,False,False,1,0,1,0,0,0,1
0.0272,1,0,3,1,1,1,5,4,3,1,3,2.0,1.0,False,True,1,1,1,0,0,0,1
0.0289,2,1,2,1,4,1,3,5,1,1,2,4.0,0.0,False,True,1,0,1,0,0,0,1
0.1224,3,0,3,1,4,1,5,5,2,2,2,2.0,0.0,False,True,1,1,1,1,0,0,1
0.2597,2,1,3,1,4,1,3,5,2,3,3,4.0,0.0,False,False,1,0,1,1,0,0,1
0.1385,3,0,3,1,3,1,4,5,3,0,3,3.0,0.0,True,True,1,0,0,1,0,0,1
0.0514,3,0,3,0,5,1,5,4,3,2,3,3.0,0.0,False,True,1,0,1,0,1,0,1
0.2156,2,1,2,0,3,1,4,2,0,1,1,4.0,0.0,False,True,1,1,1,1,0,0,1
0.0,2,0,2,1,1,1,3,3,3,2,2,3.0,0.0,False,False,1,0,1,1,0,0,1
0.3233,1,1,5,0,4,1,5,4,2,2,2,4.0,1.0,True,True,1,1,1,0,0,0,1
0.1844,1,0,2,1,4,1,2,3,2,2,2,2.0,1.0,False,True,0,1,0,0,0,0,1
0.1436,3,0,4,1,3,1,2,4,3,0,3,1.0,0.0,False,True,1,0,1,0,0,0,1
0.189,2,0,5,1,2,1,3,5,3,1,2,3.0,0.0,False,True,1,0,0,0,1,0,1
0.2374,3,1,5,0,5,1,4,3,3,1,2,4.0,0.0,False,True,1,0,1,1,0,0,1
0.138,2,1,1,0,4,1,5,3,3,2,3,1.0,1.0,False,False,1,1,1,0,0,1,1
0.1798,3,0,5,1,3,1,3,4,2,4,1,3.0,1.0,False,True,0,1,1,1,0,0,1
0.0228,1,0,1,0,5,1,5,5,3,2,2,4.0,0.0,False,True,1,1,0,0,0,0,1
0.205,2,0,4,0,5,1,5,4,3,2,2,0.0,0.0,False,True,1,0,1,1,0,0,1
0.1619,3,0,1,0,4,1,2,2,3,1,2,4.0,0.0,False,True,1,0,0,1,0,0,1
0.123,1,0,2,0,5,1,4,3,3,1,3,3.0,0.0,False,True,1,0,1,1,0,0,1
0.0434,2,0,5,0,5,1,5,5,2,2,3,3.0,1.0,False,True,1,1,0,1,0,0,1
0.1356,2,1,2,1,5,1,3,5,2,2,3,4.0,1.0,True,True,1,1,1,0,0,0,1
0.0731,2,0,3,0,4,1,3,4,3,2,2,4.0,0.0,False,True,1,0,1,1,1,0,1
0.2193,2,1,4,0,5,1,3,1,3,2,3,3.0,0.0,False,True,1,1,1,1,1,0,1
0.1257,4,0,2,1,4,1,4,1,1,2,3,4.0,1.0,False,True,1,0,0,1,0,0,1
0.0742,2,0,2,1,3,1,5,5,3,2,3,4.0,0.0,True,True,1,0,1,1,0,0,1
0.2902,2,0,2,1,5,0,2,4,1,2,1,4.0,1.0,False,True,1,0,1,1,0,1,1
0.1708,1,0,2,0,5,1,5,5,3,2,3,2.0,1.0,False,True,1,0,1,1,1,0,1
0.0834,2,0,2,0,2,1,3,3,1,2,3,3.0,0.0,False,True,1,0,1,0,1,0,1
0.2326,2,1,5,1,4,1,5,4,3,0,3,3.0,0.0,False,True,1,0,1,0,0,1,1
0.1662,3,0,4,1,5,1,5,4,2,0,2,3.0,0.0,True,True,1,1,0,1,0,0,1
0.021,2,1,2,0,3,1,5,3,2,1,3,1.0,0.0,True,False,1,0,0,1,0,0,1
0.1109,3,1,4,0,4,1,2,3,2,4,0,3.0,0.0,False,True,1,1,1,1,0,0,1
0.1352,3,0,5,0,3,1,5,3,2,1,2,4.0,0.0,False,True,0,0,1,1,0,0,1
0.3408,2,0,2,0,5,1,2,5,2,2,2,4.0,0.0,False,True,1,1,0,1,0,0,1
0.2009,1,1,5,0,4,1,3,5,2,1,2,3.0,,False,False,1,0,0,0,0,0,1
0.0,2,0,2,0,3,1,5,5,1,2,2,3.0,0.0,True,True,1,0,1,0,0,0,1
0.091,1,0,5,1,3,1,5,3,3,0,2,4.0,0.0,False,False,1,0,1,0,0,0,1
0.331,3,0,2,0,1,1,5,2,2,1,3,2.0,0.0,False,True,1,0,1,1,0,0,1
0.0471,2,1,3,1,5,1,2,3,3,0,2,4.0,1.0,False,True,1,0,1,1,1,0,1
0.0873,2,0,5,1,5,1,1,4,2,0,3,0.0,0.0,False,False,1,1,1,0,1,0,1
0.014,2,0,2,0,5,1,4,4,3,2,3,3.0,0.0,True,True,1,1,1,0,0,0,1
0.2334,3,0,2,0,4,1,4,3,3,2,2,3.0,1.0,False,True,1,1,0,1,1,0,1
0.2818,2,1,2,1,5,1,3,4,3,2,2,2.0,0.0,False,False,1,1,1,0,0,0,1
0.1069,2,1,4,0,5,1,4,3,2,2,3,3.0,0.0,True,True,1,0,1,1,0,0,1
0.1704,2,0,2,1,4,1,5,5,3,3,3,2.0,1.0,False,True,1,0,1,1,0,0,1
0.0,2,0,5,1,3,1,5,4,2,1,3,4.0,0.0,False,True,1,1,1,1,0,0,1
0.0,2,0,2,1,5,1,4,1,3,2,3,3.0,0.0,False,True,1,1,0,0,0,0,1
0.2184,2,1,1,0,4,1,3,5,1,3,3,3.0,0.0,False,True,0,0,0,1,0,0,1
0.1701,2,0,2,1,3,1,4,3,2,2,2,4.0,0.0,False,True,1,1,1,1,0,0,1
0.0,2,0,2,0,5,1,2,3,1,4,3,2.0,0.0,True,True,0,0,0,0,0,0,1
0.1521,1,1,2,1,5,1,4,4,1,2,1,4.0,1.0,False,False,0,1,1,0,0,0,1
0.0,2,0,3,0,4,1,5,4,3,2,3,3.0,0.0,False,True,1,1,1,1,0,0,1
0.2409,2,1,2,1,5,1,5,3,2,2,2,3.0,0.0,True,True,1,1,1,1,0,0,1
0.4389,1,1,1,1,3,0,4,2,2,3,1,1.0,0.0,True,False,1,1,1,1,0,0,1
0.1368,3,1,5,0,4,1,4,1,2,2,2,2.0,0.0,False,False,1,1,1,1,1,0,1
0.0309,3,0,2,1,5,1,1,4,3,4,2,4.0,0.0,False,True,1,0,0,1,1,0,1
0.1662,2,0,4,1,1,1,5,3,3,2,3,3.0,0.0,False,True,1,0,1,0,0,0,1
0.2915,2,0,2,1,4,1,5,4,2,3,2,4.0,,False,True,1,1,1,1,0,0,1
0.0,3,0,2,1,5,1,5,2,3,2,3,4.0,1.0,False,False,1,0,1,0,0,0,1
0.1008,2,0,3,0,1,1,3,2,3,2,3,4.0,0.0,True,True,1,0,0,0,1,1,1
0.0279,4,0,2,0,4,1,2,4,3,4,2,4.0,0.0,False,False,1,1,1,1,1,1,1
0.1618,3,1,2,1,4,1,5,5,2,4,2,3.0,0.0,False,True,0,1,1,0,0,0,1
0.2577,3,1,3,0,5,1,4,4,2,2,2,3.0,1.0,False,True,1,1,1,0,0,0,1
0.0626,4,0,3,0,2,1,2,4,3,2,2,3.0,0.0,True,True,1,0,1,1,0,0,1
0.2394,1,1,3,0,5,1,3,5,2,1,2,3.0,0.0,False,True,1,0,0,0,0,0,1
0.221,1,0,5,0,4,1,4,3,2,2,3,4.0,0.0,False,True,1,0,1,1,0,0,1
0.1296,2,0,4,1,5,1,5,5,3,3,2,4.0,0.0,True,True,1,1,0,0,0,0,1
0.0,1,1,3,1,1,1,3,3,0,2,3,2.0,0.0,False,True,1,1,0,0,0,0,1
0.1041,2,1,4,1,4,1,5,1,3,2,0,3.0,0.0,False,False,1,0,1,1,0,0,1
0.2752,3,0,3,1,4,1,5,4,2,2,3,4.0,0.0,True,True,1,1,0,1,0,0,1
0.389,3,1,1,1,5,1,4,4,3,4,2,2.0,0.0,False,True,1,0,0,1,0,0,1
0.0,1,0,2,1,5,1,3,4,3,2,3,4.0,0.0,False,False,1,1,0,1,0,0,1
0.2548,3,0,4,0,4,1,5,2,3,2,3,1.0,1.0,False,False,1,1,1,1,0,0,1
0.0,3,1,3,0,5,1,4,2,3,1,3,3.0,0.0,False,True,1,0,1,1,0,0,1
0.4496,2,1,2,1,4,1,5,4,2,2,3,3.0,0.0,True,True,1,0,0,0,0,0,1
0.0,2,0,1,0,4,1,5,5,2,3,3,4.0,0.0,True,True,0,1,0,1,0,0,1
0.1277,3,0,4,1,5,1,3,4,2,3,2,4.0,1.0,True,True,1,1,1,0,0,0,1
0.151,2,0,3,1,3,1,4,5,3,4,2,4.0,1.0,False,True,1,1,1,0,1,1,1
0.106,1,1,2,0,5,1,4,4,2,4,2,4.0,0.0,False,False,1,1,0,1,0,1,1
0.1938,2,0,4,1,5,1,3,5,3,3,3,3.0,0.0,False,True,1,0,1,0,0,0,1
0.137,3,1,2,0,5,1,5,2,3,0,3,3.0,0.0,False,True,1,0,0,1,0,0,1
0.1528,3,1,2,0,4,1,4,5,3,2,2,3.0,1.0,False,True,1,1,1,1,0,0,1
0.0668,2,0,3,1,5,1,4,1,3,0,3,4.0,0.0,True,True,1,0,0,0,0,0,1
0.2645,2,1,4,0,5,1,4,4,3,1,3,2.0,0.0,True,True,0,0,1,1,0,0,1
0.1902,2,0,2,1,3,1,5,4,3,2,1,0.0,0.0,True,True,0,1,0,1,0,0,1
0.1914,2,1,3,0,3,1,2,4,2,2,3,4.0,0.0,True,True,1,1,1,1,0,0,1
0.5812,2,0,2,0,2,1,5,5,2,2,2,2.0,0.0,False,True,1,1,1,0,0,0,1
0.0587,2,0,4,1,5,1,4,3,2,2,1,2.0,1.0,False,True,1,1,1,0,0,1,1
0.3784,2,1,2,1,3,1,4,1,2,3,2,3.0,0.0,False,False,0,1,1,1,0,0,1
0.054,2,0,2,1,3,1,3,4,1,2,2,4.0,0.0,False,True,1,1,1,1,0,0,1
0.2125,1,1,2,1,4,1,2,3,2,2,3,4.0,1.0,True,True,1,0,1,1,0,0,1
0.1078,1,1,2,1,5,1,2,2,3,4,3,1.0,0.0,False,True,0,1,0,1,0,0,1
0.0053,3,0,2,1,4,1,3,5,3,3,0,4.0,0.0,True,False,1,1,0,0,0,0,1
0.2016,2,1,2,1,3,1,4,5,2,2,1,4.0,0.0,False,True,0,1,0,0,0,0,1
0.0921,1,1,2,0,4,1,4,4,2,0,2,3.0,1.0,False,True,1,0,1,1,0,0,1
0.057,2,0,2,0,3,1,3,5,3,2,3,4.0,0.0,True,True,1,1,1,0,0,0,1
0.2445,3,1,5,0,3,1,3,5,3,1,2,4.0,0.0,False,True,0,0,1,1,0,0,1
0.1645,2,0,2,0,5,1,5,4,1,0,3,2.0,0.0,True,True,1,0,1,0,0,0,1
0.0693,2,0,5,1,4,1,4,4,2,2,3,3.0,0.0,False,True,1,0,1,0,0,0,1
0.036,2,1,1,1,4,1,5,4,2,1,2,4.0,,True,True,1,1,0,0,0,0,1
0.2449,2,1,1,1,4,1,5,4,0,2,3,4.0,0.0,False,True,1,0,1,0,0,0,1
0.0689,3,0,2,0,3,1,3,5,3,2,2,3.0,0.0,False,True,1,1,1,0,0,0,1
0.0842,1,0,3,1,5,1,3,5,2,0,3,3.0,1.0,False,True,1,1,0,0,0,0,1
0.0606,2,1,3,0,3,0,2,4,2,1,3,3.0,0.0,False,True,1,1,1,1,0,0,1
0.1193,1,1,2,1,3,1,3,3,3,3,3,1.0,0.0,False,True,1,0,1,1,0,0,1
0.1188,2,0,2,0,4,1,4,3,3,2,2,1.0,0.0,False,True,1,1,1,0,0,0,1
0.2228,2,1,4,0,4,1,5,4,2,4,2,0.0,0.0,False,True,1,0,1,1,0,0,1
0.3383,2,1,2,1,5,1,2,5,3,2,3,4.0,0.0,False,True,0,1,1,1,0,0,1
0.1159,3,1,4,0,4,1,5,5,3,3,3,4.0,0.0,False,True,0,1,1,1,0,0,1
0.3226,2,1,1,0,3,1,4,1,2,1,2,4.0,0.0,False,True,1,0,1,1,0,0,1
0.003,3,0,2,0,4,1,3,5,3,2,1,4.0,0.0,False,True,1,0,1,0,0,0,1
0.2008,3,0,2,0,5,1,3,4,2,2,3,3.0,0.0,False,False,1,1,0,1,0,0,1
0.1367,2,0,5,1,4,1,3,1,1,2,3,4.0,0.0,True,True,1,1,0,0,0,0,1
0.1406,2,1,4,1,5,0,2,4,0,1,3,3.0,0.0,False,False,1,1,1,1,1,0,1
0.1579,4,1,2,0,4,1,3,4,0,4,3,4.0,0.0,False,True,1,1,1,1,1,0,1
0.0356,2,1,2,1,4,0,2,5,2,2,3,3.0,1.0,False,True,1,1,0,1,0,0,1
0.0,2,0,5,0,3,1,2,5,2,2,3,3.0,0.0,False,True,1,0,1,0,0,0,1
0.212,1,1,2,0,5,1,5,4,3,0,2,4.0,0.0,False,False,1,1,1,0,0,0,1
0.1051,2,0,3,1,1,1,2,1,3,3,2,3.0,1.0,False,True,0,1,0,0,0,0,1
0.1,2,1,3,1,3,1,2,5,2,1,3,4.0,0.0,True,True,1,1,1,1,0,0,1
0.1673,2,0,2,1,5,0,3,4,3,4,1,4.0,0.0,True,True,1,1,0,1,0,0,1
0.2884,2,1,5,0,5,1,2,4,1,4,3,0.0,1.0,False,True,1,1,0,1,0,0,1
0.0327,3,0,2,1,2,1,3,3,3,2,3,4.0,0.0,False,True,1,1,1,1,0,0,1
0.0552,2,0,3,1,5,1,4,4,3,1,3,3.0,0.0,False,True,1,1,1,1,1,0,1
0.1152,2,0,1,1,5,1,5,5,0,4,3,2.0,0.0,False,False,1,0,1,1,0,0,1
0.0643,2,1,4,0,3,1,5,3,2,2,3,4.0,0.0,False,True,1,1,1,1,0,1,1
0.0016,2,0,2,1,4,1,4,5,2,2,2,3.0,0.0,False,True,1,1,1,1,0,0,1
0.2474,3,0,4,1,4,1,5,4,2,1,2,1.0,0.0,False,True,1,0,1,1,0,0,1
0.0505,2,1,4,0,5,1,5,4,1,0,3,4.0,0.0,False,True,0,0,1,0,0,0,1
0.2975,4,0,5,0,5,1,4,3,2,2,3,4.0,0.0,True,True,0,1,1,0,0,0,1
0.1371,2,1,1,1,4,1,5,2,3,1,3,3.0,0.0,False,False,0,0,1,1,0,0,1
0.1759,3,0,2,1,5,0,3,4,2,2,2,1.0,1.0,False,False,1,0,0,1,1,0,1
0.3089,2,1,4,0,5,1,2,4,1,2,2,3.0,0.0,False,False,1,0,1,1,0,0,1
0.0345,3,0,2,1,4,0,4,3,2,4,2,2.0,0.0,False,False,1,0,1,0,0,0,1
0.054,2,1,4,1,4,0,5,5,2,2,1,2.0,0.0,False,False,1,1,1,1,0,0,1
0.218,3,1,2,0,5,1,4,2,2,0,2,2.0,0.0,False,True,1,1,0,1,0,0,1
0.1316,2,1,3,1,3,1,5,4,3,2,3,,1.0,False,True,1,0,0,1,0,0,1
0.0936,2,0,2,0,5,0,4,5,3,1,1,4.0,1.0,True,True,1,0,0,0,0,0,1
0.1988,2,1,2,0,4,1,5,3,3,2,2,4.0,0.0,False,False,1,1,0,1,0,0,1
0.1528,2,1,4,0,5,1,5,5,2,2,3,2.0,1.0,True,True,1,1,0,1,0,0,1
0.1281,2,0,2,1,5,1,5,3,3,1,2,4.0,,False,True,1,1,1,0,0,0,1
0.3187,3,1,3,1,5,1,5,5,2,2,2,,,False,False,1,0,0,1,0,0,1
0.0,4,0,3,1,3,1,5,3,2,1,3,2.0,0.0,False,True,1,0,1,0,0,0,1
0.0828,2,0,4,0,3,1,5,4,3,2,2,4.0,0.0,False,True,0,1,1,0,0,0,1
0.175,2,0,3,1,4,1,5,4,2,1,2,4.0,0.0,False,True,1,0,1,0,0,0,1
0.3081,1,1,5,0,4,1,3,5,0,2,3,4.0,0.0,False,True,1,0,1,0,0,0,1
0.1651,2,0,4,0,5,0,5,5,1,2,3,4.0,0.0,False,True,1,1,0,1,0,0,1
0.0337,1,1,2,1,4,1,2,4,3,2,3,0.0,0.0,False,True,1,0,1,0,0,0,1
0.4527,3,0,3,0,5,1,4,4,1,1,1,4.0,0.0,False,True,1,0,1,0,0,0,1
0.0,2,1,2,1,4,1,5,4,3,1,3,3.0,1.0,True,True,1,1,0,0,0,0,1
0.1368,3,1,2,1,4,1,4,4,2,2,2,3.0,1.0,False,True,1,0,1,0,1,0,1
0.0941,4,0,2,0,4,1,5,3,0,0,2,4.0,1.0,False,True,1,1,1,1,1,0,1
0.3081,1,0,3,1,1,1,3,5,2,2,3,4.0,0.0,False,True,0,0,0,0,0,0,1
0.095,2,1,2,1,1,1,5,4,3,4,1,4.0,0.0,False,True,0,0,1,0,0,1,1
0.1154,2,0,2,0,4,1,2,5,2,3,3,3.0,0.0,False,True,1,0,1,1,0,0,1
0.0,4,0,3,1,5,1,4,4,2,1,3,3.0,0.0,False,True,1,1,0,1,0,0,1
0.0788,2,0,3,1,5,1,4,1,2,2,3,1.0,1.0,True,True,1,0,1,0,0,0,1
0.0,2,1,2,0,4,1,2,4,1,3,3,3.0,0.0,True,False,1,1,0,0,0,0,1
0.0095,3,0,3,0,5,1,5,4,2,2,3,4.0,0.0,True,True,1,1,0,0,0,0,1
0.0504,1,0,4,0,4,1,4,4,2,2,2,4.0,0.0,False,True,1,0,1,0,0,0,1
0.237,1,1,4,1,5,1,4,3,2,1,3,,0.0,False,True,1,1,0,0,0,0,1
0.0,1,0,5,1,5,1,5,4,3,2,2,3.0,0.0,True,True,1,0,1,0,0,0,1
0.1493,2,0,1,0,4,1,5,3,3,4,3,4.0,0.0,False,True,1,0,0,1,1,0,1
0.0823,1,1,3,0,5,1,4,3,3,1,1,4.0,0.0,True,True,1,0,1,1,0,0,1
0.1647,3,1,3,0,5,0,2,4,2,1,3,3.0,1.0,False,True,1,1,1,1,0,0,1
0.1059,2,1,2,0,3,1,3,4,2,2,2,4.0,0.0,False,False,1,1,0,0,0,1,1
0.0183,2,1,3,1,4,1,5,2,3,0,2,1.0,0.0,False,True,1,1,1,1,0,0,1
0.1424,2,1,2,1,4,1,5,4,1,3,3,3.0,0.0,True,True,1,1,1,0,0,1,1
0.1123,1,1,1,1,5,1,3,3,3,3,3,4.0,,False,True,1,0,1,0,1,0,1
0.0,1,1,2,1,5,1,1,5,3,1,3,2.0,1.0,True,False,1,1,1,0,1,0,1
0.2744,3,0,1,1,5,1,2,3,2,0,3,3.0,1.0,False,True,0,1,1,1,0,0,1
0.1368,3,0,2,0,5,1,5,4,0,2,2,2.0,0.0,False,True,1,0,0,0,0,0,1
0.0227,2,0,3,1,4,1,4,4,3,0,3,3.0,0.0,True,False,1,0,1,1,1,0,1
0.1142,1,1,2,0,5,1,5,3,0,2,3,3.0,0.0,False,True,1,1,1,1,0,0,1
0.2496,2,1,4,0,4,1,3,3,2,0,3,4.0,0.0,False,True,1,1,0,0,0,0,1
0.3084,2,0,1,1,5,1,5,5,2,3,1,3.0,0.0,False,False,1,0,1,1,0,0,1
0.072,2,0,2,1,2,1,2,5,3,0,0,4.0,0.0,False,True,1,1,0,1,1,1,1
0.0954,1,1,2,1,3,1,5,4,2,2,3,2.0,0.0,False,True,1,0,1,0,0,0,1
0.1141,3,0,2,1,5,1,4,5,2,1,3,4.0,0.0,True,True,1,0,1,0,0,0,1
0.0508,2,1,1,0,5,1,5,4,2,2,3,1.0,0.0,False,True,1,0,0,1,0,0,1
0.2789,3,1,4,0,3,1,5,4,2,2,3,3.0,0.0,False,True,0,1,1,0,0,0,1
0.0,1,0,3,0,4,1,5,2,2,2,3,4.0,0.0,True,True,0,0,0,0,1,0,1
0.0539,2,0,5,0,4,1,5,5,2,2,3,2.0,0.0,True,True,1,0,0,1,0,0,1
0.2133,3,1,5,1,5,1,4,4,3,1,3,1.0,0.0,False,False,1,0,1,0,1,0,1
0.0703,3,0,3,1,5,1,4,4,2,3,3,3.0,0.0,False,True,1,1,1,1,0,0,1
0.2762,2,0,4,0,4,1,3,5,3,1,1,,0.0,False,False,1,0,1,0,0,0,1
0.2026,3,0,3,0,3,1,2,4,3,2,2,2.0,,False,True,0,1,1,0,0,0,1
0.1426,2,0,2,1,4,1,5,3,0,2,2,4.0,0.0,False,True,1,0,0,0,0,0,1
0.1426,1,0,5,0,4,1,4,4,2,4,2,3.0,0.0,False,True,1,1,1,1,0,1,1
0.0703,2,1,2,1,4,1,5,3,1,2,3,2.0,1.0,False,False,1,1,1,0,0,0,1
0.139,2,1,3,1,4,1,3,2,3,2,3,,0.0,False,False,1,1,1,0,0,0,1
0.3863,3,0,4,1,4,1,5,5,2,1,2,4.0,0.0,False,True,1,0,1,1,0,0,1
0.0378,2,0,2,0,3,1,5,5,3,0,3,1.0,1.0,False,True,0,0,1,0,0,0,1
0.0032,3,1,2,1,5,1,2,2,3,1,3,1.0,0.0,True,True,1,1,1,1,0,0,1
0.1025,2,1,2,1,4,1,5,5,2,2,3,4.0,0.0,False,True,1,0,0,0,0,0,1
0.43,1,0,2,0,5,1,5,5,1,4,3,4.0,0.0,False,True,0,0,1,1,0,0,1
0.0306,2,0,2,1,2,1,3,5,3,4,2,2.0,0.0,False,True,1,1,1,0,0,0,1
0.2765,2,1,2,1,4,1,5,4,2,4,2,3.0,1.0,True,True,1,1,1,0,1,0,1
0.2807,2,0,2,0,4,1,2,2,1,1,3,4.0,1.0,False,True,1,1,1,1,1,0,1
0.1544,1,0,5,1,3,1,4,4,3,1,2,4.0,0.0,False,True,1,1,0,0,0,0,1
0.1077,2,0,2,1,4,1,4,4,1,1,3,4.0,0.0,False,True,1,0,1,1,1,0,1
0.0456,2,1,5,1,4,1,3,4,3,3,3,4.0,,True,False,1,1,1,1,0,0,1
0.1223,2,1,2,0,5,0,2,4,1,4,3,4.0,1.0,False,False,1,0,0,0,0,0,1
0.192,2,0,2,1,3,1,5,3,2,1,1,0.0,0.0,False,True,1,1,1,1,1,0,1
0.0279,2,0,3,1,5,0,3,5,3,0,3,3.0,0.0,False,False,1,1,1,0,0,0,1
0.4743,3,0,3,0,4,1,5,3,0,2,2,4.0,0.0,False,True,1,0,1,1,0,0,1
0.0883,2,0,2,0,5,1,5,4,1,4,2,4.0,0.0,False,True,1,1,0,1,1,0,1
0.0568,2,0,2,0,2,1,4,5,3,2,2,2.0,1.0,False,True,1,1,1,1,0,0,1
0.1094,3,1,4,0,4,1,2,5,0,1,2,4.0,0.0,False,True,1,1,1,1,0,1,1
0.0498,3,1,4,1,3,1,5,5,3,3,3,4.0,1.0,False,False,1,1,1,0,0,0,1
0.1969,3,0,2,0,5,1,5,3,2,4,3,4.0,0.0,True,True,1,1,0,1,0,0,1
0.0991,3,1,3,0,4,1,5,1,2,4,3,1.0,0.0,False,True,1,1,0,0,0,0,1
0.1254,2,1,3,0,4,1,3,3,2,0,2,4.0,0.0,False,True,1,1,1,0,0,0,1
0.7459,2,0,2,1,5,1,5,4,2,0,3,3.0,0.0,False,False,1,1,0,0,0,0,1
0.2176,3,0,4,0,5,1,4,4,2,4,3,4.0,1.0,False,True,1,0,1,1,0,0,1
0.038,2,1,3,0,4,1,5,3,2,1,2,3.0,0.0,False,True,1,1,1,0,0,0,1
0.0151,2,0,1,1,5,1,5,4,0,1,2,3.0,0.0,False,False,0,1,0,1,1,0,1
0.358,2,1,2,0,5,1,4,5,3,3,3,4.0,0.0,False,True,0,0,1,1,0,0,1
0.1642,3,0,2,1,3,1,4,4,3,3,2,4.0,1.0,False,True,1,0,1,1,0,0,1
0.2001,1,0,3,1,5,1,4,5,2,1,2,4.0,0.0,False,True,1,0,1,1,0,0,1
0.3303,3,0,3,0,5,1,1,5,1,3,3,2.0,0.0,False,True,1,1,1,1,1,0,1
0.0143,1,0,2,1,5,1,3,5,2,2,3,2.0,0.0,False,True,1,1,0,0,0,0,1
0.0525,2,1,2,1,3,1,5,5,0,2,2,4.0,1.0,False,True,1,1,1,1,0,0,1
0.0995,2,0,3,0,5,1,4,5,3,2,3,4.0,0.0,True,True,1,1,1,0,0,0,1
0.0,2,1,2,1,4,1,4,4,0,1,3,2.0,0.0,False,False,1,1,1,1,0,0,1
0.0281,2,0,2,0,3,1,2,3,2,2,2,2.0,0.0,False,False,1,1,1,1,0,0,1
0.306,3,0,1,0,4,1,5,3,0,3,3,4.0,0.0,False,True,1,1,1,0,0,0,1
0.2634,2,0,4,1,4,0,3,3,0,4,1,2.0,0.0,True,True,1,1,0,1,0,0,1
0.0917,2,0,2,1,3,0,2,5,3,2,2,2.0,0.0,False,True,0,0,1,1,0,1,1
0.2558,2,1,1,1,4,1,3,4,3,2,2,3.0,0.0,False,True,1,0,0,1,0,0,1
0.17,2,0,4,1,3,1,1,4,3,4,3,,0.0,False,True,1,0,0,1,0,0,1
0.1583,2,0,1,0,4,0,5,4,3,1,3,4.0,1.0,False,True,0,0,1,1,0,0,1
0.0,3,0,2,1,4,1,2,5,1,2,3,2.0,0.0,False,True,1,0,0,1,0,0,1
0.0,3,0,5,1,3,1,3,3,2,4,3,4.0,0.0,False,True,0,1,1,0,1,1,1
0.1578,2,1,2,0,3,1,3,2,1,1,2,2.0,0.0,False,True,1,1,1,1,0,0,1
0.2991,2,0,2,0,4,1,2,1,3,2,2,2.0,1.0,True,True,1,0,0,1,0,0,1
0.1982,2,0,5,1,5,1,3,3,2,1,2,4.0,0.0,False,True,0,0,1,1,0,0,1
0.1901,2,1,4,1,1,1,2,4,3,1,3,3.0,1.0,False,True,1,1,0,1,0,0,1
0.0,2,1,2,1,5,1,3,3,1,1,2,4.0,,True,False,0,1,1,0,0,0,1
0.1569,3,0,2,0,5,1,3,4,0,1,3,2.0,0.0,False,True,1,0,1,1,0,0,1
0.0,2,0,2,1,4,1,5,3,1,2,3,4.0,0.0,False,False,1,0,1,1,0,0,1
0.2362,2,0,5,0,4,1,5,3,2,4,3,4.0,0.0,False,False,1,1,1,1,0,0,1
0.6138,2,1,4,1,5,1,5,3,2,1,1,2.0,0.0,False,False,1,0,1,0,0,0,1
0.0615,1,0,3,1,5,0,3,3,0,2,2,3.0,0.0,True,False,1,0,1,1,0,0,1
0.2481,3,0,2,0,4,0,4,4,2,2,3,4.0,0.0,False,True,1,0,1,1,0,0,1
0.0778,3,1,1,0,4,1,5,5,1,2,1,4.0,0.0,False,True,1,1,1,0,0,0,1
0.3233,2,0,1,1,5,1,2,2,3,2,3,3.0,0.0,False,True,0,0,1,1,0,0,1
0.1532,2,0,4,1,4,1,4,2,2,2,2,4.0,0.0,False,True,0,1,0,1,0,0,1
0.1825,1,1,3,1,5,1,4,4,0,2,2,3.0,0.0,True,False,1,1,0,1,0,0,1
0.0623,1,1,3,0,5,1,4,5,3,2,1,4.0,0.0,False,True,1,1,1,0,0,0,1
0.0387,3,1,2,1,5,1,4,4,3,1,3,4.0,0.0,False,False,1,0,1,1,0,0,1
0.0122,2,0,5,0,3,1,3,4,3,1,3,4.0,0.0,False,True,1,1,1,0,1,0,1
0.1255,1,0,2,1,4,1,4,4,2,3,3,4.0,0.0,False,True,1,0,1,1,0,0,1
0.6285,2,0,1,0,3,0,5,5,0,4,0,4.0,1.0,False,False,1,0,0,0,1,0,1
0.3137,2,0,3,1,4,1,2,5,2,1,3,1.0,0.0,True,True,1,1,0,0,0,0,1
0.2862,1,1,2,1,4,1,5,2,0,2,2,3.0,1.0,False,True,1,1,1,1,0,1,1
0.0197,3,1,3,0,4,1,4,2,2,4,3,4.0,0.0,True,False,0,0,0,1,0,0,1
0.4964,1,1,3,0,4,1,2,5,2,2,3,4.0,0.0,False,False,1,0,1,0,0,0,1
0.324,2,0,2,1,4,1,3,4,3,4,1,3.0,0.0,False,True,1,1,1,1,0,0,1
0.0057,1,1,2,1,5,1,3,1,3,1,2,4.0,0.0,True,True,1,0,1,0,0,0,1
0.3556,2,1,5,0,5,1,5,5,3,1,2,2.0,,True,True,1,0,1,0,0,0,1
0.0679,2,1,4,0,4,1,3,4,2,3,2,4.0,0.0,False,True,1,1,1,0,1,0,1
0.2306,1,1,3,1,5,1,4,4,2,1,3,2.0,0.0,False,True,1,0,1,1,0,0,1
0.2055,3,0,2,0,4,1,5,4,1,3,2,3.0,0.0,False,True,1,0,1,0,0,0,1
0.1296,2,0,2,1,4,1,5,2,2,2,2,4.0,1.0,False,True,1,0,1,0,0,0,1
0.2696,4,1,2,1,4,1,3,1,3,2,2,3.0,0.0,False,True,0,1,0,1,0,0,1
0.0589,3,0,1,1,4,1,3,4,3,4,2,4.0,1.0,False,False,1,0,1,1,0,0,1
0.0917,3,1,3,1,5,1,2,2,3,1,3,,0.0,False,True,1,0,1,0,0,0,1
0.0667,2,0,4,1,4,1,5,4,3,2,3,3.0,0.0,False,True,1,1,1,1,0,0,1
0.1486,1,0,2,0,4,1,5,3,3,2,3,1.0,0.0,False,True,1,1,1,1,1,0,1
0.0,2,0,2,1,4,1,5,5,2,2,2,1.0,0.0,True,True,1,1,1,0,0,0,1
0.1675,2,0,4,1,3,1,5,4,2,2,1,3.0,0.0,False,True,1,0,0,0,0,0,1
0.0988,2,1,5,1,4,1,5,4,2,2,2,1.0,0.0,False,True,1,1,1,1,0,0,1
0.0696,2,1,2,0,5,1,3,3,3,4,2,3.0,0.0,False,False,1,0,1,1,0,0,1
0.018,2,0,3,1,4,1,5,3,2,1,2,4.0,0.0,False,True,1,0,1,0,0,0,1
0.1718,1,1,1,1,4,1,2,4,3,2,2,4.0,0.0,False,True,1,0,1,1,1,0,1
0.0283,3,0,3,1,5,1,4,5,2,2,2,4.0,0.0,False,True,1,0,0,0,0,0,1
0.26,2,0,3,1,5,1,5,4,2,1,3,3.0,0.0,False,True,1,0,0,0,0,0,1
0.1333,3,0,2,0,5,0,4,5,2,2,3,4.0,,False,True,0,1,1,1,0,0,1
0.0,2,1,3,0,5,1,3,5,0,2,3,2.0,0.0,True,False,1,0,0,0,0,0,1
0.0982,2,1,2,1,5,1,2,4,1,2,3,4.0,0.0,False,True,1,1,1,1,0,0,1
0.1667,3,0,3,1,4,1,5,4,3,1,3,3.0,0.0,False,True,1,1,1,1,0,0,1
0.1689,2,1,3,1,3,1,2,4,2,1,3,3.0,0.0,False,False,1,1,0,0,0,0,1
0.0,2,1,3,1,4,1,4,3,2,4,3,3.0,0.0,False,True,1,0,1,0,0,0,1
0.0044,2,0,3,0,2,1,2,5,2,2,3,3.0,0.0,False,True,1,1,1,0,0,0,1
0.2776,2,0,3,1,4,1,3,3,3,2,2,3.0,0.0,False,True,1,1,1,0,0,0,1
0.0903,2,0,1,0,5,1,3,4,2,3,3,4.0,0.0,True,True,0,0,1,0,0,0,1
0.2933,2,1,2,0,4,1,3,5,2,1,3,3.0,0.0,True,True,1,1,1,1,0,0,1
0.0568,3,1,3,0,4,1,4,3,2,2,1,2.0,1.0,True,True,1,0,1,1,1,0,1
0.5044,2,0,3,1,4,1,5,4,2,1,2,3.0,1.0,False,False,1,0,0,0,0,0,1
0.102,1,1,4,0,4,1,2,5,1,2,3,4.0,0.0,True,True,0,0,1,1,0,0,1
0.3204,3,1,5,0,5,0,5,4,3,2,2,1.0,1.0,False,False,1,1,1,0,0,0,1
0.3774,2,1,3,0,5,1,3,4,3,2,1,4.0,0.0,False,True,1,0,1,0,0,0,1
0.1839,2,1,3,0,5,1,5,3,2,3,3,3.0,0.0,False,True,1,1,1,1,0,0,1
0.0,2,0,2,1,5,0,5,4,2,2,1,0.0,0.0,False,True,1,1,1,1,0,0,1
0.0,2,0,3,0,4,1,5,5,2,2,2,3.0,0.0,False,True,1,0,1,1,0,0,1
0.1448,2,1,2,1,4,1,5,3,3,2,2,1.0,0.0,True,True,1,1,1,1,0,0,1
0.1938,3,0,2,0,1,1,3,5,2,2,2,4.0,0.0,False,False,1,1,1,1,0,0,1
0.093,1,0,1,0,4,1,2,4,3,2,3,4.0,0.0,False,True,1,1,1,0,1,0,1
0.109,2,0,3,1,4,1,2,5,2,2,3,3.0,0.0,True,True,1,1,1,1,1,0,1
0.0603,2,0,3,1,3,1,3,3,3,1,3,4.0,0.0,True,True,1,1,1,0,0,0,1
0.1845,2,0,2,1,2,1,4,3,3,2,2,2.0,1.0,True,True,1,1,0,1,0,0,1
0.1923,2,0,2,1,5,1,5,2,3,1,2,3.0,1.0,False,True,1,1,1,1,0,0,1
0.1669,2,0,2,0,4,1,4,4,1,4,2,3.0,0.0,True,False,1,0,1,0,0,0,1
0.0245,2,1,3,1,5,1,5,4,1,3,3,3.0,1.0,True,True,1,0,0,1,0,0,1
0.0,3,1,2,1,5,1,2,3,2,2,2,1.0,0.0,False,False,0,1,1,1,0,0,1
0.0773,2,1,3,0,4,1,5,3,2,1,3,2.0,0.0,True,True,1,1,0,0,0,0,1
0.0383,2,0,2,1,4,1,5,4,3,2,3,2.0,1.0,False,True,1,0,1,1,0,0,1
0.2568,2,1,4,0,5,0,2,3,3,2,3,4.0,0.0,False,True,0,0,1,1,0,0,1
0.0,2,1,5,1,4,1,4,4,2,4,2,4.0,0.0,False,True,0,1,1,1,1,0,1
0.011,1,0,2,1,4,1,5,2,1,2,2,3.0,0.0,False,True,1,1,0,1,1,0,1
0.08,2,0,2,1,4,1,3,5,2,1,2,4.0,,False,False,1,1,1,0,0,0,1
0.1876,1,0,2,1,3,1,5,4,2,1,1,2.0,0.0,False,True,1,0,1,0,0,0,1
0.0525,3,1,3,0,4,1,5,5,3,1,2,4.0,0.0,False,True,1,0,1,0,0,0,1
0.006,2,0,3,0,4,1,2,5,2,1,1,2.0,0.0,False,False,1,1,1,0,0,0,1
0.0722,2,1,4,1,3,1,4,3,3,2,2,4.0,0.0,True,False,1,1,1,0,0,0,1
0.1711,2,0,2,1,5,1,5,3,2,2,3,1.0,0.0,True,True,1,1,1,1,0,0,1
0.4568,3,0,3,1,4,1,5,1,3,3,2,2.0,0.0,False,True,1,1,1,0,0,0,1
0.229,1,0,1,1,5,1,3,3,2,4,3,1.0,0.0,False,False,0,0,0,0,0,0,1
0.0926,2,1,2,0,4,1,5,2,3,1,2,4.0,0.0,False,True,1,1,1,0,0,0,1
0.197,2,0,1,0,1,1,2,5,0,1,1,3.0,0.0,True,False,0,1,1,0,0,0,1
0.0,2,0,2,1,4,1,4,4,2,2,2,3.0,,False,True,1,0,0,1,1,0,1
0.3127,3,1,5,1,4,1,4,4,3,4,3,4.0,0.0,False,True,1,0,1,1,0,0,1
0.1916,2,0,1,1,3,1,2,5,3,3,1,,0.0,False,True,1,0,1,0,0,0,1
0.04,2,1,1,0,3,1,3,3,2,0,3,4.0,0.0,False,True,1,0,1,0,0,0,1
0.2093,2,1,2,0,4,1,2,3,3,2,1,3.0,0.0,True,False,1,1,1,1,0,0,1
0.2039,2,1,2,1,3,1,2,1,2,1,3,2.0,0.0,False,True,1,1,0,0,0,0,1
0.3647,2,0,1,1,3,0,3,3,3,1,1,3.0,0.0,False,True,1,0,1,0,0,0,1
0.2002,1,0,3,1,5,1,4,3,3,2,2,2.0,0.0,False,True,1,0,1,0,0,0,1
0.0,2,1,2,1,5,1,5,4,2,0,3,4.0,0.0,False,True,1,0,0,1,0,0,1
0.2183,3,1,2,1,4,1,5,5,3,4,2,1.0,1.0,False,True,1,0,0,0,1,0,1
0.4009,3,1,3,1,4,1,2,5,3,1,2,4.0,0.0,False,True,1,1,0,1,0,0,1
0.4022,2,0,2,1,4,1,5,4,2,4,1,4.0,0.0,False,False,1,0,0,1,0,0,1
0.0976,1,1,2,1,4,1,2,4,1,1,3,2.0,0.0,False,True,1,0,0,0,0,0,1
0.1383,3,0,4,0,5,0,5,3,2,1,3,4.0,0.0,True,True,1,1,0,0,0,0,1
0.2339,2,0,1,1,5,1,5,3,2,2,3,2.0,0.0,False,True,1,0,0,0,0,0,1
0.0,2,0,5,1,2,1,3,4,2,1,3,,0.0,False,True,1,0,1,1,0,0,1
0.2745,2,0,4,0,4,1,4,4,3,2,3,3.0,1.0,False,False,1,1,1,1,0,0,1
0.0,1,1,2,1,5,1,5,3,2,2,3,3.0,0.0,True,True,1,1,1,0,0,0,1
0.1394,2,1,3,0,5,0,3,5,3,4,3,3.0,0.0,False,True,1,0,0,1,0,0,1
0.2992,2,1,3,1,4,1,5,5,3,3,2,4.0,0.0,True,False,1,0,0,0,0,0,1
0.0396,1,0,3,1,5,1,4,4,3,2,3,2.0,0.0,False,True,1,0,1,0,0,0,1
0.0794,2,1,2,1,3,1,2,1,3,3,3,3.0,1.0,False,False,1,1,1,1,0,0,1
0.0843,1,1,3,0,4,1,3,4,2,3,1,3.0,0.0,False,True,1,0,1,1,0,0,1
0.1564,2,0,1,0,4,1,3,5,2,2,2,3.0,0.0,False,True,1,1,1,0,1,0,1
0.0,2,1,3,1,4,1,2,4,3,4,2,4.0,0.0,False,True,1,1,1,1,1,0,1
0.4627,2,1,1,1,2,1,5,4,0,3,3,3.0,0.0,False,False,0,0,0,1,0,0,1
0.2553,2,1,2,1,5,1,2,4,1,3,3,4.0,0.0,False,True,1,1,1,1,0,0,1
0.0602,3,1,3,0,5,1,5,5,3,2,3,4.0,,True,True,1,1,0,0,0,0,1
0.0429,2,0,4,1,5,1,2,5,2,1,3,3.0,,False,False,1,0,1,0,0,0,1
0.0612,1,0,3,0,4,0,4,5,3,0,2,3.0,0.0,True,True,1,0,0,1,0,0,1
0.1554,2,0,2,1,3,1,5,4,0,2,3,2.0,0.0,False,True,1,0,0,1,0,0,1
0.0981,1,1,4,1,3,1,3,3,2,4,3,4.0,0.0,False,True,1,0,0,1,0,0,1
0.1413,3,0,2,1,5,1,4,4,2,3,2,4.0,0.0,False,True,1,1,1,1,0,0,1
0.4429,2,1,4,1,4,1,4,3,2,1,2,4.0,0.0,False,True,1,1,0,1,1,0,1
0.0307,2,1,4,0,5,1,4,5,2,2,2,3.0,0.0,True,True,1,0,1,0,0,0,1
0.0921,3,1,1,1,5,1,4,3,2,1,3,1.0,0.0,False,True,1,0,0,1,0,0,1
0.3521,2,1,2,1,2,1,2,4,2,1,3,4.0,0.0,False,True,1,1,1,1,0,0,1
0.1341,1,1,1,1,3,1,2,4,3,2,3,4.0,0.0,False,False,1,1,0,1,1,0,1
0.3669,2,0,2,1,5,1,1,5,3,2,2,3.0,0.0,False,True,0,1,1,0,1,0,1
0.0796,2,1,2,1,4,1,4,5,2,0,2,4.0,0.0,True,True,1,0,0,0,0,0,1
0.1994,3,0,2,1,3,1,4,3,2,1,3,2.0,0.0,False,False,1,1,0,0,0,0,1
0.1132,1,0,4,1,4,1,5,4,3,0,3,3.0,1.0,False,True,1,1,0,0,1,0,1
0.025,2,0,5,0,5,1,5,5,2,1,3,3.0,0.0,False,True,1,0,1,0,0,1,1
0.147,2,0,4,1,5,1,4,2,2,1,1,4.0,0.0,True,False,1,0,0,1,0,0,1
0.1869,2,1,1,1,5,1,2,4,3,3,1,2.0,0.0,False,True,1,0,0,1,1,0,1
0.2417,2,1,3,0,4,1,5,3,2,2,2,4.0,0.0,False,True,1,1,1,0,1,0,1
0.0269,2,0,1,1,4,1,3,5,2,3,3,3.0,0.0,False,True,0,1,1,0,0,0,1
0.0828,2,1,3,1,5,1,3,3,3,0,1,1.0,1.0,True,True,1,1,1,1,0,0,1
0.7814,2,0,3,1,5,0,3,4,3,4,2,4.0,0.0,False,False,0,1,1,0,1,0,1
0.2872,3,0,1,1,4,1,5,5,2,2,2,4.0,0.0,False,True,1,0,0,0,0,0,1
0.178,3,0,3,0,4,1,5,5,1,4,1,4.0,1.0,False,True,1,0,1,1,0,1,1
0.0,1,1,3,0,5,1,3,4,2,0,3,3.0,0.0,False,False,0,0,1,1,0,0,1
0.0335,3,0,3,0,4,0,2,4,3,4,2,4.0,0.0,True,True,1,1,1,1,0,0,1
0.0,1,1,1,1,3,1,5,2,0,0,2,1.0,0.0,False,True,1,1,1,0,0,0,1
0.0,2,0,4,1,4,1,5,5,1,1,3,3.0,0.0,False,True,1,1,1,0,0,0,1
0.4091,2,1,5,0,5,1,4,3,3,4,3,0.0,1.0,False,True,1,1,1,0,0,0,1
0.1394,2,1,3,1,5,1,5,5,1,2,3,4.0,0.0,False,True,1,0,1,0,0,0,1
0.3645,2,1,3,0,3,1,3,2,3,3,2,2.0,0.0,False,True,1,0,0,1,0,0,1
0.2181,3,0,3,1,5,1,5,3,2,2,2,3.0,0.0,False,True,0,1,1,1,0,0,1
0.1909,1,1,5,0,5,1,4,5,2,1,2,0.0,1.0,True,True,1,1,1,1,0,0,1
0.4652,2,0,2,1,5,0,3,4,2,1,1,3.0,0.0,False,True,1,0,0,1,0,0,1
0.0,2,0,3,1,4,1,4,5,3,2,3,3.0,0.0,False,True,1,1,1,1,0,0,1
0.1538,4,0,3,1,5,1,5,5,2,0,3,3.0,0.0,False,True,1,1,1,1,0,0,1
0.186,2,0,5,1,4,1,5,4,2,0,3,1.0,0.0,False,True,1,1,1,0,0,0,1
0.0951,3,0,2,1,4,1,2,4,2,3,2,4.0,0.0,False,True,1,0,0,0,1,0,1
0.2967,2,1,2,0,3,1,3,2,2,4,3,4.0,0.0,False,False,0,1,0,1,0,0,1
0.0736,2,0,3,0,4,1,3,5,2,0,2,4.0,1.0,False,True,1,1,1,0,1,0,1
0.1964,3,1,2,1,2,1,5,3,0,2,1,3.0,,False,True,1,0,1,1,0,0,1
0.158,2,1,1,0,3,1,2,4,0,2,3,3.0,0.0,False,True,1,1,0,1,0,0,1
0.1338,2,0,3,1,5,1,3,4,2,2,3,4.0,0.0,False,True,0,0,0,1,0,0,1
0.1879,3,0,1,0,5,1,5,5,3,0,1,3.0,0.0,False,False,1,0,1,1,0,0,1
0.2027,1,1,2,1,3,1,5,3,3,1,2,2.0,0.0,False,True,0,1,1,1,0,0,1
0.1774,2,1,2,1,5,1,4,3,0,0,3,4.0,1.0,False,True,1,1,1,0,0,0,1
0.0194,2,0,4,0,5,1,1,5,3,0,3,2.0,0.0,False,True,1,0,1,0,0,0,1
0.0,2,1,1,1,5,1,5,3,3,2,3,2.0,0.0,False,False,1,0,1,0,0,0,1
0.024,2,0,1,1,5,1,3,5,3,0,3,3.0,0.0,False,True,1,0,1,0,0,0,1
0.2009,2,0,5,1,5,1,5,4,3,4,3,1.0,1.0,False,True,1,1,0,1,0,0,1
0.103,2,0,1,1,3,1,4,4,3,2,1,2.0,0.0,False,True,1,1,1,1,0,1,1
0.3764,1,0,4,1,4,1,4,5,2,4,1,0.0,1.0,False,False,1,1,1,1,0,0,1
0.0,2,1,2,0,4,1,3,3,3,2,2,4.0,0.0,True,True,1,1,1,0,0,0,1
0.1204,4,1,3,0,3,1,5,4,2,4,1,3.0,0.0,True,True,1,0,1,0,0,0,1
0.0084,2,1,1,1,5,1,5,5,3,1,2,4.0,0.0,False,True,1,1,1,0,0,1,1
0.1246,3,1,2,0,5,1,5,5,3,2,2,4.0,0.0,True,True,1,0,1,1,0,0,1
0.0816,2,1,3,1,5,1,5,4,2,1,2,1.0,1.0,False,False,1,1,0,1,0,0,1
0.3415,3,1,3,1,4,1,5,4,2,2,2,4.0,0.0,False,True,1,1,1,0,0,1,1
0.0563,2,0,1,1,5,1,3,4,2,2,0,4.0,0.0,False,True,0,0,1,1,0,0,1
0.3105,3,0,3,1,4,1,5,2,3,2,3,4.0,0.0,False,True,1,1,1,0,0,0,1
0.2797,2,0,1,1,5,0,3,4,3,2,3,3.0,0.0,False,True,0,0,1,0,1,0,1
0.2742,3,1,3,0,3,1,5,4,2,1,3,4.0,0.0,False,True,0,1,1,0,1,0,1
0.1503,1,1,3,0,5,1,2,3,1,1,0,1.0,0.0,True,True,1,1,1,0,1,0,1
0.1451,3,0,2,0,5,1,5,4,2,0,2,3.0,0.0,True,True,1,1,1,0,0,0,1
0.5016,3,0,1,1,5,1,5,3,1,2,2,4.0,0.0,False,True,0,1,1,1,1,1,1
0.1402,2,0,2,0,3,1,4,4,3,2,2,2.0,0.0,False,True,1,1,1,1,0,0,1
0.327,2,1,3,0,5,1,5,4,3,2,3,,1.0,False,False,0,1,1,0,0,0,1
0.1685,2,1,4,1,5,1,3,2,2,2,3,4.0,0.0,False,True,1,0,0,0,0,0,1
0.0971,2,1,4,0,4,0,4,5,3,1,3,3.0,0.0,False,True,1,1,1,1,0,0,1
0.137,2,1,3,1,4,1,3,2,2,4,2,4.0,0.0,True,True,1,0,1,1,0,0,1
0.1206,3,1,2,1,4,1,3,4,2,4,3,4.0,0.0,False,True,1,1,1,1,0,0,1
0.0589,2,0,4,1,4,0,3,5,3,2,2,4.0,0.0,False,True,1,1,1,1,0,0,1
0.0475,2,0,1,1,4,1,5,5,3,0,3,4.0,0.0,True,True,1,1,1,0,0,0,1
0.283,1,1,2,1,4,1,5,3,3,2,1,1.0,0.0,True,True,1,1,1,0,0,1,1
0.2425,2,1,2,0,3,1,4,5,2,0,3,2.0,0.0,False,True,1,1,1,0,0,0,1
0.1482,3,1,1,0,5,1,5,4,3,2,2,3.0,0.0,False,True,1,1,1,1,0,0,1
0.3165,3,0,1,1,5,1,2,4,2,0,2,1.0,1.0,False,False,1,1,1,0,0,0,1
0.1864,2,0,3,1,4,1,5,4,1,0,2,4.0,0.0,False,True,1,1,1,1,0,0,1
0.3173,3,1,2,0,4,0,4,3,1,0,3,3.0,0.0,False,True,1,0,0,0,0,0,1
0.0685,2,0,2,1,5,1,3,1,3,3,3,4.0,1.0,False,True,1,0,0,0,1,0,1
0.0632,2,1,3,1,5,1,4,2,2,2,3,4.0,0.0,True,True,0,0,1,1,1,0,1
0.0776,2,1,2,1,4,1,5,4,2,2,3,2.0,0.0,False,True,1,1,1,1,0,0,1
0.1896,2,1,2,1,5,1,2,3,2,0,2,4.0,0.0,False,True,1,1,1,1,0,0,1
0.1909,2,1,4,0,4,1,4,4,3,1,3,4.0,0.0,True,True,1,0,1,0,0,0,1
0.3086,2,0,3,0,5,1,5,3,3,2,3,3.0,1.0,False,False,1,0,1,0,1,0,1
0.1102,2,0,4,1,4,1,4,5,2,3,3,4.0,0.0,True,False,1,0,1,1,0,0,1
0.0,2,0,2,1,4,1,3,3,1,4,3,3.0,0.0,False,True,1,1,0,0,0,0,1
0.1646,2,0,3,0,3,1,5,5,2,0,3,2.0,0.0,True,True,1,1,0,0,0,0,1
0.0861,2,0,1,0,5,1,2,4,2,4,1,3.0,0.0,False,False,1,1,0,1,0,0,1
0.1632,1,0,2,1,5,1,2,4,3,1,3,4.0,0.0,False,True,0,0,1,0,0,0,1
0.3797,4,0,5,0,4,1,5,2,0,4,3,4.0,0.0,False,True,1,0,0,1,0,0,1
0.3086,1,1,3,0,5,1,4,5,2,0,2,3.0,0.0,False,True,1,1,0,0,1,0,1
0.1231,2,1,2,0,2,1,4,5,1,3,3,3.0,0.0,False,True,1,1,1,0,1,0,1
0.0702,2,0,4,1,5,1,5,4,0,2,3,4.0,0.0,False,False,1,0,1,1,0,0,1
0.1939,3,1,1,1,4,0,4,5,1,2,2,4.0,1.0,False,True,1,1,1,1,0,1,1
0.0,3,0,1,1,1,1,3,3,2,2,3,3.0,0.0,False,True,1,1,1,1,0,0,1
0.2003,1,0,4,1,1,1,5,4,1,1,2,2.0,1.0,False,True,1,0,0,1,0,0,1
0.0274,3,1,2,1,3,1,4,2,2,2,3,2.0,0.0,False,True,1,1,1,0,0,0,1
0.0,2,0,3,0,4,1,2,4,2,2,3,3.0,0.0,False,False,1,1,1,0,0,0,1
0.008,2,0,2,0,4,1,2,3,3,1,2,4.0,0.0,False,True,1,1,0,0,0,0,1
0.195,2,0,1,1,3,1,2,3,0,1,2,2.0,1.0,True,False,1,0,0,1,0,0,1
0.2757,1,1,2,0,1,1,3,4,3,1,3,4.0,0.0,False,True,1,0,0,1,0,0,1
0.3921,2,0,1,1,5,1,3,3,3,3,3,3.0,0.0,False,True,1,0,1,1,0,0,1
0.2363,3,1,1,1,2,1,3,5,2,0,2,4.0,0.0,False,True,0,0,1,0,0,0,1
0.0738,1,0,4,0,3,1,2,1,3,4,3,4.0,1.0,True,True,1,0,0,0,0,0,1
0.2976,2,0,2,1,5,1,3,1,2,2,2,3.0,0.0,False,True,0,0,0,1,0,0,1
0.296,2,0,2,1,3,1,5,5,3,0,1,3.0,0.0,False,True,1,1,0,1,0,0,1
0.2094,2,0,2,0,1,0,5,4,3,2,3,4.0,0.0,False,True,0,1,1,0,1,0,1
0.1452,1,1,1,1,5,1,5,4,2,2,1,4.0,0.0,True,False,0,1,1,1,0,0,1
0.0,3,1,2,0,4,1,3,4,2,2,2,3.0,1.0,False,True,0,1,1,1,0,0,1
0.1776,2,0,5,1,5,1,2,3,2,2,1,4.0,0.0,False,True,1,1,1,0,0,0,1
0.0435,2,0,3,0,3,1,5,4,3,4,3,4.0,0.0,False,True,1,0,0,1,0,0,1
0.2464,2,0,3,1,4,1,5,5,2,2,3,3.0,0.0,False,True,0,0,0,1,0,0,1
0.0887,4,0,5,1,5,1,3,5,2,1,3,4.0,0.0,False,True,1,1,0,1,0,0,1
0.1098,1,0,5,1,5,1,3,3,3,3,3,4.0,0.0,False,True,1,0,1,1,0,1,1
0.079,1,1,1,0,5,1,5,3,3,2,2,3.0,0.0,True,True,1,0,1,0,0,0,1
0.0599,3,1,2,1,4,0,4,5,1,2,3,4.0,0.0,True,True,1,1,1,1,0,0,1
0.0,2,1,2,1,4,1,4,4,2,2,3,4.0,0.0,True,True,1,0,1,1,0,0,1
0.2485,2,1,5,1,5,1,3,4,2,1,3,4.0,1.0,False,True,1,1,0,1,0,0,1
0.2127,1,0,3,1,5,1,4,5,1,1,3,4.0,0.0,False,True,1,1,1,1,0,0,1
0.165,3,0,2,0,3,1,3,4,3,4,3,3.0,,True,True,1,1,0,0,0,0,1
0.0,1,0,3,0,4,1,3,4,3,1,3,1.0,0.0,False,True,1,1,1,0,0,0,1
0.0,3,1,1,1,3,1,4,4,3,1,3,3.0,0.0,False,True,0,1,1,0,0,0,1
0.1279,3,1,1,0,4,1,5,5,2,2,3,2.0,0.0,False,True,0,1,1,1,0,0,1
0.1272,2,1,4,0,3,1,3,3,3,2,1,4.0,1.0,True,True,1,1,1,0,0,0,1
0.2353,2,1,2,1,4,1,5,4,1,0,2,2.0,0.0,False,True,1,1,1,1,0,0,1
0.0226,3,0,2,0,5,1,5,4,3,1,2,1.0,0.0,False,True,1,1,1,1,0,0,1
0.0,2,1,2,1,5,1,2,4,1,2,3,4.0,0.0,False,True,0,0,1,1,0,0,1
0.3539,2,1,1,1,3,1,5,4,3,3,2,4.0,0.0,True,False,1,1,0,1,1,0,1
0.1427,3,1,3,0,5,1,4,5,2,2,2,4.0,0.0,True,False,1,0,1,0,1,0,1
0.0415,2,0,2,1,5,1,2,2,2,2,3,1.0,0.0,True,True,1,0,1,0,0,0,1
0.2335,2,0,2,1,1,0,4,3,3,1,3,2.0,1.0,False,False,1,1,1,1,0,0,1
0.2715,2,0,3,1,3,1,4,4,3,2,1,4.0,0.0,False,False,1,0,1,1,0,0,1
0.0017,2,1,2,1,5,1,4,2,2,1,1,3.0,0.0,False,True,1,1,1,1,0,0,1
0.2162,1,0,1,1,2,1,5,4,2,2,3,4.0,0.0,True,True,1,0,1,0,0,0,1
0.2902,1,0,3,0,5,1,4,3,3,2,3,4.0,0.0,False,False,1,1,0,0,1,0,1
0.0344,2,0,3,1,5,1,5,3,2,2,2,2.0,0.0,True,False,1,0,1,0,0,1,1
0.1679,2,0,1,0,3,1,5,3,2,1,1,4.0,0.0,False,True,1,1,0,1,0,0,1
0.0365,2,0,2,1,4,1,5,4,3,2,2,4.0,0.0,False,True,1,1,1,0,0,0,1
0.1672,2,0,3,0,4,1,3,3,2,4,3,4.0,0.0,True,True,1,0,1,1,0,0,1
0.0528,2,0,2,1,3,1,5,2,2,1,3,3.0,0.0,False,True,1,1,1,0,0,0,1
0.0519,2,0,1,1,4,1,5,5,3,2,3,3.0,1.0,False,False,1,1,1,1,0,0,1
0.1121,2,0,2,1,3,1,5,3,2,2,3,3.0,1.0,True,True,1,1,1,1,0,0,1
0.0475,1,1,1,1,5,1,2,3,3,2,2,3.0,0.0,False,True,1,1,0,1,0,0,1
0.3437,3,1,1,1,5,1,2,5,2,1,2,4.0,0.0,False,True,1,1,0,1,0,0,1
0.2313,2,1,2,0,3,1,2,3,0,3,3,4.0,0.0,True,True,1,0,1,1,1,0,1
0.2809,2,0,3,0,3,0,4,3,3,2,2,3.0,1.0,True,False,1,1,1,0,0,0,1
0.0248,3,1,1,1,5,1,5,2,2,3,3,4.0,0.0,True,False,1,1,1,1,1,0,1
0.1238,3,1,3,0,5,0,3,4,3,2,2,4.0,0.0,False,False,1,0,1,1,0,0,1
0.0584,2,0,1,1,4,1,3,5,3,2,2,4.0,0.0,False,True,1,0,0,1,0,0,1
0.1921,2,0,2,1,4,1,3,4,2,2,2,3.0,0.0,False,True,0,0,0,0,1,0,1
0.3244,2,1,2,1,5,1,5,3,2,1,1,4.0,1.0,True,True,1,1,0,0,0,0,1
0.2256,2,0,2,0,3,1,5,4,3,0,3,3.0,0.0,False,True,1,1,0,1,0,0,1
0.2432,1,0,4,1,3,1,5,4,0,2,2,4.0,0.0,False,True,1,0,1,1,0,0,1
0.114,2,1,2,1,4,1,5,2,0,4,2,4.0,0.0,False,True,0,0,1,0,0,0,1
0.0122,2,0,4,1,3,1,4,5,3,2,3,4.0,0.0,False,True,0,1,1,1,0,0,1
0.0555,2,1,3,1,4,1,3,4,3,4,3,4.0,0.0,False,True,1,1,0,1,0,0,1
0.0,3,1,2,1,4,1,3,2,0,1,3,3.0,1.0,False,False,1,1,1,0,0,0,1
0.0768,2,1,5,0,3,1,2,4,2,2,3,4.0,0.0,False,True,0,1,0,0,0,0,1
0.3263,3,0,2,1,4,1,4,3,3,0,1,4.0,0.0,False,True,1,1,1,1,0,0,1
0.2698,2,1,4,1,5,0,2,3,2,2,2,4.0,0.0,False,True,1,1,1,0,0,0,1
0.0,3,1,2,1,5,1,5,1,3,0,2,4.0,0.0,False,False,1,0,1,0,0,0,1
0.2232,2,0,2,1,4,1,2,5,3,2,2,2.0,1.0,True,True,0,0,1,0,0,0,1
0.1588,3,0,1,0,3,1,3,3,1,4,3,3.0,1.0,True,True,1,0,1,0,0,0,1
0.2895,3,0,3,0,2,1,4,1,2,4,2,3.0,0.0,False,True,1,1,0,0,1,0,1
0.0,2,1,3,1,5,1,2,5,3,3,3,3.0,0.0,True,True,1,0,1,1,0,0,1
0.1405,2,0,3,1,3,1,5,5,0,1,3,3.0,0.0,False,True,1,1,0,1,0,0,1
0.509,2,1,1,1,5,1,5,5,1,2,3,4.0,0.0,False,True,1,1,1,1,0,0,1
0.0,2,1,1,0,5,1,4,2,2,3,2,4.0,1.0,True,False,0,1,1,1,0,0,1
0.0047,3,1,2,0,5,1,2,1,2,0,3,2.0,0.0,False,True,1,0,1,0,0,0,1
0.0,3,1,3,0,4,1,4,3,2,4,1,4.0,0.0,False,True,1,0,0,0,0,0,1
0.2646,3,0,4,1,5,1,4,1,2,3,3,1.0,0.0,False,False,1,0,0,0,0,0,1
0.0,2,0,5,1,5,1,4,3,2,0,2,3.0,1.0,False,True,1,1,1,0,0,0,1
0.1171,2,0,1,1,5,1,5,4,3,2,3,2.0,0.0,False,True,1,1,1,0,0,0,1
0.045,2,0,1,1,5,1,5,2,2,3,3,3.0,0.0,False,True,1,0,1,1,0,0,1
0.0143,2,0,2,0,4,1,5,3,3,2,3,4.0,0.0,False,True,1,1,0,0,0,0,1
0.5442,1,1,1,1,4,1,5,5,3,3,3,3.0,0.0,False,True,0,1,0,0,0,1,1
0.2353,2,1,3,1,1,1,4,5,2,3,1,3.0,0.0,True,True,0,0,1,1,0,0,1
0.1199,3,1,3,1,4,1,5,3,2,0,2,4.0,0.0,False,True,0,1,1,1,0,0,1
0.2455,3,0,2,0,4,1,5,2,1,0,3,3.0,1.0,False,False,1,1,1,0,0,0,1
0.1241,2,1,2,0,3,1,2,4,3,2,3,4.0,0.0,False,True,1,1,1,1,0,1,1
0.2255,1,0,3,0,5,0,3,5,3,1,3,,0.0,True,True,1,0,1,0,1,0,1
0.1614,2,1,2,1,3,1,3,4,3,3,3,3.0,0.0,False,False,1,1,0,0,0,0,1
0.1714,2,1,4,0,5,1,5,2,3,0,2,4.0,1.0,False,True,1,0,1,1,0,0,1
0.2708,2,1,3,1,4,1,3,5,2,3,3,3.0,0.0,False,False,1,1,1,0,0,0,1
0.28,2,0,4,0,4,1,5,5,3,2,3,3.0,0.0,False,False,1,1,1,0,0,0,1
0.142,1,0,3,1,4,1,3,5,3,2,3,3.0,,False,True,1,1,1,1,0,0,1
0.1197,1,0,2,0,5,1,3,4,3,3,3,4.0,0.0,False,True,1,0,1,1,0,0,1
0.0343,1,0,2,1,5,1,3,5,2,2,3,3.0,0.0,False,True,1,1,0,1,0,0,1
0.0743,3,1,1,1,4,0,5,2,2,1,3,4.0,0.0,False,False,0,1,0,1,0,0,1
0.1345,2,0,1,1,4,1,4,5,2,4,3,4.0,0.0,False,True,1,0,1,0,0,0,1
0.3715,2,0,2,1,3,1,3,4,3,3,3,3.0,0.0,False,True,1,0,0,0,0,0,1
0.0502,3,1,2,0,4,0,2,5,2,4,2,3.0,1.0,True,True,1,1,1,1,1,0,1
0.0745,2,0,2,1,4,1,3,4,2,0,3,3.0,0.0,False,True,1,0,1,0,0,0,1
0.1192,1,0,1,0,4,1,5,4,2,1,2,4.0,0.0,True,True,1,0,1,1,0,0,1
0.1914,3,0,3,1,3,1,4,5,3,0,2,3.0,0.0,False,True,1,1,0,1,0,0,1
0.2933,3,0,2,1,1,1,3,2,2,2,2,3.0,0.0,False,True,1,0,0,1,0,0,1
0.0366,3,0,2,0,5,1,4,3,3,3,2,3.0,0.0,False,True,0,1,0,1,1,0,1
0.2881,3,1,4,0,4,1,2,3,3,0,3,4.0,0.0,False,True,1,1,1,0,0,0,1
0.0642,2,1,3,1,3,1,4,3,3,4,3,,0.0,False,True,1,0,1,0,0,1,1
0.0,4,1,5,1,4,1,1,4,3,2,3,3.0,0.0,False,False,1,0,1,1,0,0,1
0.4539,2,0,1,0,4,1,5,4,2,2,2,4.0,0.0,False,True,1,1,1,1,0,0,1
0.4025,1,1,2,0,5,1,2,4,2,2,2,2.0,0.0,False,True,1,0,0,1,0,0,1
0.2838,4,0,5,0,5,1,4,4,3,0,1,3.0,0.0,False,True,1,1,1,0,1,0,1
0.0191,3,0,3,1,4,1,4,3,2,2,3,4.0,0.0,False,True,1,1,1,0,0,0,1
0.2157,2,0,2,0,4,1,5,3,3,1,1,2.0,1.0,False,False,1,1,0,0,0,0,1
0.0,2,0,2,0,3,1,3,4,3,2,2,4.0,0.0,False,True,1,0,0,0,0,0,1
0.0423,2,0,2,1,3,1,5,3,2,1,3,1.0,0.0,False,True,1,0,1,1,0,0,1
0.0292,1,1,2,1,4,1,3,2,3,2,3,3.0,0.0,False,True,1,0,1,0,0,0,1
0.265,3,0,1,1,3,1,3,5,3,1,3,2.0,0.0,False,True,0,1,1,0,0,0,1
0.1553,3,0,1,1,5,1,4,4,2,2,2,3.0,1.0,True,False,1,0,1,1,0,0,1
0.3504,2,0,2,0,4,1,5,4,2,3,1,4.0,1.0,False,True,1,1,0,0,0,0,1
0.0583,1,1,2,0,5,1,5,4,3,2,2,4.0,0.0,False,True,1,0,1,0,0,0,1
0.1224,3,0,3,1,3,1,1,4,2,2,3,4.0,0.0,False,False,1,0,1,1,1,0,1
0.1172,2,0,3,0,5,1,4,3,0,2,2,4.0,1.0,False,True,1,0,0,1,1,0,1
0.0807,1,0,2,1,3,1,4,5,1,2,2,2.0,0.0,False,False,1,0,1,0,0,0,1
0.0797,3,1,4,0,4,1,5,3,2,1,2,4.0,0.0,False,True,1,0,0,1,0,0,1
0.1231,2,1,4,1,4,1,5,2,2,0,3,4.0,0.0,True,True,1,1,0,1,0,0,1
0.0966,2,0,3,1,5,1,4,3,0,0,3,3.0,1.0,False,False,1,1,1,0,0,0,1
0.0941,3,0,2,1,5,1,3,1,3,4,0,2.0,0.0,True,True,1,1,1,0,1,0,1
0.2858,3,0,4,0,4,0,4,4,3,0,3,2.0,0.0,False,True,1,1,0,0,0,0,1
0.1507,2,1,1,1,4,1,5,5,2,1,2,4.0,0.0,True,True,1,1,0,1,0,1,1
0.2873,1,0,2,1,3,0,5,4,3,2,3,4.0,0.0,False,True,1,1,1,0,0,0,1
0.0123,2,0,4,0,5,1,2,5,2,0,2,4.0,0.0,False,True,1,1,0,1,0,0,1
0.0707,2,1,3,1,5,1,5,5,3,1,2,1.0,0.0,False,False,1,0,1,1,0,0,1
0.1421,2,0,3,1,5,1,3,4,1,4,2,2.0,0.0,False,False,1,0,1,1,0,0,1
0.0253,2,0,1,1,5,1,3,4,1,1,2,3.0,0.0,True,False,1,1,1,1,0,0,1
0.3021,2,1,4,1,4,0,4,4,2,1,2,4.0,0.0,False,False,1,1,1,1,0,0,1
0.2017,2,1,4,1,5,1,2,4,0,3,1,4.0,1.0,False,False,1,1,1,1,0,1,1
0.1191,1,1,1,1,1,1,3,2,2,1,3,4.0,0.0,False,True,1,0,1,0,1,0,1
0.0469,2,1,2,1,5,1,3,4,3,2,3,0.0,0.0,False,True,0,0,0,0,0,0,1
0.1787,3,1,2,0,2,1,5,4,3,2,3,4.0,0.0,False,True,1,1,1,1,0,0,1
0.086,2,1,4,1,5,1,4,3,3,2,3,3.0,0.0,False,True,1,0,0,0,0,0,1
0.452,2,0,2,1,5,1,5,3,2,1,3,2.0,0.0,False,True,1,1,0,0,0,0,1
0.0646,1,0,3,1,5,1,2,4,3,2,3,4.0,0.0,True,True,1,0,0,0,0,0,1
0.1406,2,0,2,0,5,1,3,5,2,1,3,3.0,0.0,False,True,1,0,0,1,0,0,1
0.0,2,1,1,1,4,1,4,4,3,1,3,3.0,0.0,False,True,1,0,1,1,0,0,1
0.1279,1,1,2,0,4,1,4,4,2,1,2,3.0,0.0,False,False,1,0,0,1,0,0,1
0.1557,3,0,3,0,5,1,3,5,2,4,2,3.0,0.0,False,True,1,0,1,0,0,0,1
0.0,3,1,2,1,5,1,2,5,3,2,3,4.0,0.0,False,True,1,0,1,0,1,0,1
0.441,2,1,3,1,5,1,5,1,2,2,2,3.0,1.0,False,True,1,0,1,1,0,0,1
0.3459,3,0,2,0,5,1,2,4,3,2,3,3.0,0.0,False,True,1,1,0,0,0,0,1
0.0,2,0,2,0,5,0,3,3,3,0,2,4.0,1.0,False,False,1,1,1,0,0,0,1
0.0106,2,1,1,1,4,1,5,5,3,2,2,4.0,1.0,True,True,1,1,1,0,0,0,1
0.2083,4,1,4,0,3,1,5,1,3,2,2,,1.0,False,True,0,1,0,0,0,0,1
0.0356,3,0,3,0,1,1,4,4,3,2,3,3.0,0.0,False,True,1,1,1,0,0,0,1
0.2231,1,0,3,1,5,1,5,5,3,1,3,3.0,1.0,False,False,1,0,0,0,0,1,1
0.2978,2,0,1,1,5,1,4,4,3,2,2,4.0,0.0,False,True,1,0,0,1,0,0,1
0.3156,2,1,2,1,5,1,3,1,2,1,2,2.0,0.0,False,True,1,0,1,0,0,0,1
0.0298,1,1,2,0,4,1,3,3,2,1,1,4.0,,False,True,1,1,1,0,0,0,1
0.1838,3,1,4,1,5,1,4,4,2,2,3,4.0,0.0,True,True,1,0,0,1,0,0,1
0.3024,2,1,4,1,3,1,4,3,2,3,3,3.0,1.0,False,True,1,0,1,1,0,0,1
0.0475,3,1,3,0,5,1,4,5,3,2,2,2.0,1.0,True,True,1,1,1,1,0,0,1
0.2739,2,0,2,0,4,1,3,2,3,3,2,2.0,1.0,True,True,1,1,0,0,0,0,1
0.0216,2,1,2,0,4,1,2,3,3,4,3,4.0,1.0,False,True,1,1,1,0,0,0,1
0.0279,1,1,3,0,5,1,5,3,2,3,3,1.0,0.0,True,True,1,0,1,0,0,0,1
0.0245,2,0,2,0,5,0,3,4,2,2,2,4.0,0.0,False,True,1,1,1,0,0,1,1
0.0,3,0,4,0,4,1,4,2,3,2,1,4.0,0.0,False,True,0,1,0,1,0,0,1
0.387,2,0,1,1,3,1,3,3,3,2,2,4.0,0.0,True,False,1,0,1,1,0,1,1
0.1418,3,0,3,1,3,1,4,1,1,0,3,3.0,0.0,False,True,1,0,0,0,0,0,1
0.2154,2,1,2,0,5,1,5,4,3,2,2,3.0,0.0,False,False,1,1,1,1,0,0,1
0.0,2,0,3,1,5,1,2,4,2,2,3,4.0,0.0,False,False,1,1,1,1,0,0,1
0.0931,2,0,4,1,5,1,4,4,3,4,2,4.0,0.0,True,False,1,1,1,1,0,0,1
0.1052,2,0,2,1,4,1,5,4,3,3,2,2.0,0.0,False,False,1,1,1,1,0,0,1
0.2504,2,0,2,1,5,1,3,5,1,3,3,3.0,0.0,False,True,1,0,0,0,0,1,1
0.3999,3,0,2,1,5,1,2,4,2,0,2,1.0,1.0,False,True,1,1,1,1,0,0,1
0.1925,2,0,3,1,4,1,4,5,1,0,2,2.0,1.0,False,True,0,0,1,0,0,0,1
0.0,2,0,2,1,3,1,5,2,3,3,2,4.0,0.0,True,True,1,1,1,1,1,0,1
0.2272,2,0,2,0,4,1,2,5,2,0,2,4.0,0.0,False,True,1,1,1,0,1,0,1
0.0,2,0,2,0,5,1,4,4,2,1,3,4.0,0.0,False,True,1,1,1,1,0,0,1
0.29,2,0,4,0,5,1,3,5,2,3,3,4.0,0.0,False,True,1,1,0,0,0,0,1
0.2748,2,1,3,1,3,0,4,3,3,1,1,1.0,0.0,False,True,1,0,1,1,0,0,1
0.2031,2,0,5,1,3,1,2,2,3,2,3,4.0,1.0,False,True,1,0,1,0,0,0,1
0.0097,1,0,2,0,4,1,4,4,3,2,2,2.0,0.0,False,True,1,0,0,1,0,1,1
0.1985,1,0,2,0,4,1,5,5,0,2,2,3.0,0.0,False,True,1,1,1,0,0,0,1
0.1062,2,0,2,0,4,1,4,2,3,0,3,4.0,0.0,True,True,0,1,1,0,0,0,1
0.0886,2,0,2,0,3,1,3,4,3,2,3,4.0,0.0,False,True,1,1,1,1,0,0,1
0.2113,2,1,4,1,5,1,5,4,1,2,3,4.0,0.0,False,False,1,1,1,0,0,0,1
0.0566,2,0,3,0,3,1,3,3,1,1,3,4.0,0.0,False,True,1,1,1,1,0,0,1
0.236,2,0,2,1,3,1,3,5,3,2,3,3.0,0.0,False,True,1,1,1,0,0,0,1
0.2571,3,1,3,1,3,1,3,5,3,0,3,1.0,0.0,False,True,1,0,1,0,0,0,1
0.0541,2,1,4,1,5,1,5,3,3,4,3,4.0,1.0,False,True,1,1,1,1,0,0,1
